Age,Gender,Country,self_employed,family_history,treatment,work_interfere,no_employees,remote_work,tech_company,benefits,wellness_program,leave
37,Female,United States,NA,No,Yes,Often,25-Jun,No,Yes,Yes,No,Somewhat easy
32,Male,Canada,NA,No,No,Rarely,25-Jun,No,Yes,No,No,Somewhat difficult
31,Male,United Kingdom,NA,Yes,Yes,Often,26-100,No,Yes,No,No,Somewhat difficult
31,Male,United States,NA,No,No,Never,100-500,Yes,Yes,Yes,Don't know,Don't know
33,Male,United States,NA,Yes,No,Sometimes,25-Jun,No,Yes,Yes,No,Don't know
35,Female,United States,NA,Yes,Yes,Sometimes,05-Jan,Yes,Yes,No,No,Somewhat difficult
39,M,Canada,NA,No,No,Never,05-Jan,Yes,Yes,No,No,Don't know
42,Female,United States,NA,Yes,Yes,Sometimes,100-500,No,Yes,Yes,No,Very difficult
23,Male,Canada,NA,No,No,Never,26-100,No,Yes,Don't know,Don't know,Don't know
31,Male,United States,NA,No,Yes,Sometimes,25-Jun,Yes,Yes,Don't know,No,Don't know
29,male,Bulgaria,NA,No,No,Never,100-500,Yes,Yes,Don't know,No,Don't know
36,Male,United States,NA,Yes,No,Never,500-1000,No,Yes,Don't know,No,Don't know
27,Male,Canada,NA,No,No,Never,25-Jun,No,Yes,Don't know,Don't know,Somewhat easy
29,female,United States,NA,Yes,Yes,Rarely,26-100,No,Yes,Yes,No,Somewhat easy
23,Male,United Kingdom,NA,No,Yes,Sometimes,26-100,Yes,Yes,Don't know,Don't know,Very easy
32,Male,United States,NA,No,Yes,Sometimes,25-Jun,No,Yes,Yes,No,Don't know
46,male,United States,Yes,Yes,No,Sometimes,05-Jan,Yes,Yes,Yes,Yes,Very easy
36,Male,France,Yes,Yes,No,NA,25-Jun,Yes,Yes,No,Yes,Somewhat easy
29,Male,United States,No,Yes,Yes,Sometimes,100-500,No,Yes,Yes,No,Somewhat difficult
31,male,United States,Yes,No,No,Never,05-Jan,Yes,Yes,No,No,Somewhat difficult
46,Male,United States,No,No,Yes,Often,26-100,Yes,Yes,Yes,No,Don't know
33,male,United States,No,Yes,Yes,Rarely,26-100,No,Yes,Yes,Don't know,Don't know
33,male,United States,No,No,No,NA,05-Jan,No,Yes,Don't know,No,Don't know
35,Female,United States,No,Yes,Yes,Rarely,25-Jun,Yes,Yes,Yes,Don't know,Don't know
34,male,United States,No,No,Yes,Sometimes,26-100,Yes,Yes,Don't know,No,Somewhat difficult
37,Male,United Kingdom,No,No,No,Sometimes,25-Jun,No,Yes,No,No,Very difficult
32,Male,United Kingdom,No,No,No,Never,25-Jun,Yes,Yes,No,No,Don't know
31,Male,United States,Yes,Yes,No,Rarely,05-Jan,Yes,Yes,No,No,Somewhat difficult
30,male,United Kingdom,No,Yes,Yes,Sometimes,500-1000,Yes,Yes,Don't know,No,Somewhat easy
42,Male,United States,No,Yes,Yes,Sometimes,26-100,Yes,Yes,Yes,Yes,Very easy
40,female,United States,No,No,Yes,Sometimes,05-Jan,No,Yes,Yes,No,Don't know
27,Male,United States,No,No,Yes,Rarely,25-Jun,No,Yes,No,No,Very easy
29,Male,Canada,No,No,No,Rarely,05-Jan,No,Yes,No,No,Very easy
38,Male,Portugal,No,No,No,NA,100-500,No,Yes,No,No,Somewhat easy
50,M,United States,No,No,No,NA,100-500,No,Yes,Yes,No,Don't know
35,M,United States,No,No,Yes,Rarely,More than 1000,Yes,Yes,Yes,No,Very easy
24,Male,United Kingdom,No,No,Yes,Sometimes,25-Jun,No,Yes,No,No,Don't know
35,Male,United States,No,No,No,NA,More than 1000,Yes,Yes,Yes,Don't know,Somewhat difficult
27,Male,Canada,No,Yes,Yes,Sometimes,05-Jan,No,Yes,No,No,Very difficult
18,Male,Netherlands,No,No,No,Often,25-Jun,No,Yes,No,No,Somewhat difficult
30,Male,United States,No,No,Yes,Sometimes,26-100,No,Yes,Don't know,No,Don't know
38,Female,United States,No,Yes,Yes,Sometimes,26-100,No,Yes,Yes,No,Somewhat easy
28,Male,United Kingdom,No,No,No,NA,26-100,No,Yes,Don't know,No,Don't know
34,Male,United States,No,No,No,NA,25-Jun,No,Yes,No,No,Don't know
26,m,Canada,Yes,No,No,Sometimes,05-Jan,No,Yes,No,Yes,Don't know
30,male,United States,No,Yes,Yes,Rarely,26-100,No,Yes,Yes,No,Don't know
22,M,United States,No,Yes,Yes,Often,25-Jun,No,Yes,No,No,Very difficult
33,Male,United States,No,No,No,NA,100-500,Yes,Yes,Don't know,Don't know,Don't know
31,M,United States,No,No,No,NA,100-500,Yes,Yes,Don't know,Don't know,Don't know
32,Male,United States,No,No,No,Never,05-Jan,Yes,Yes,Don't know,No,Don't know
28,M,Switzerland,No,No,No,NA,100-500,No,Yes,No,No,Don't know
27,Male-ish,United States,No,Yes,Yes,Rarely,26-100,No,Yes,Yes,No,Don't know
32,maile,United States,No,Yes,No,NA,25-Jun,Yes,Yes,Don't know,No,Somewhat easy
24,Male,United States,No,Yes,Yes,Sometimes,26-100,Yes,Yes,Don't know,No,Don't know
33,male,Canada,No,Yes,Yes,Often,25-Jun,Yes,Yes,Don't know,No,Somewhat difficult
26,Female,Poland,No,No,Yes,Sometimes,26-100,Yes,Yes,Don't know,Yes,Very easy
27,Male,United Kingdom,No,No,No,Never,100-500,No,Yes,Yes,No,Somewhat easy
26,Male,France,No,No,No,NA,26-100,No,Yes,No,No,Very easy
35,male,Canada,No,No,No,Sometimes,25-Jun,No,Yes,Don't know,No,Somewhat easy
40,Male,United States,No,Yes,No,Sometimes,More than 1000,Yes,Yes,Yes,Yes,Don't know
23,Female,Australia,No,Yes,Yes,Often,05-Jan,Yes,Yes,No,No,Very easy
36,M,United States,No,No,No,Sometimes,100-500,Yes,Yes,Yes,Don't know,Don't know
34,Male,United States,Yes,No,No,Rarely,05-Jan,Yes,Yes,No,No,Don't know
28,m,France,No,No,No,Never,26-100,No,Yes,No,No,Don't know
34,male,Canada,No,No,No,Never,25-Jun,No,Yes,Don't know,Don't know,Somewhat easy
23,Trans-female,United States,No,No,No,Rarely,More than 1000,No,Yes,Yes,No,Somewhat difficult
38,Male,United Kingdom,No,No,No,NA,26-100,No,Yes,No,No,Somewhat easy
33,Male,United States,No,No,No,Never,More than 1000,No,Yes,Don't know,Yes,Don't know
19,Male,United Kingdom,No,No,No,NA,05-Jan,No,Yes,No,No,Somewhat difficult
25,Male,United States,No,No,No,NA,More than 1000,Yes,Yes,Yes,Yes,Don't know
31,Male,United States,Yes,Yes,No,Sometimes,05-Jan,Yes,Yes,No,No,Somewhat difficult
32,Male,United States,No,Yes,Yes,Sometimes,26-100,Yes,Yes,No,No,Somewhat difficult
28,m,Germany,No,No,No,Never,25-Jun,Yes,Yes,Don't know,Don't know,Very easy
38,Male,United States,No,Yes,No,Sometimes,100-500,Yes,Yes,Yes,No,Don't know
23,Male,United Kingdom,No,No,No,Never,26-100,No,Yes,Yes,Yes,Very easy
27,Cis Female,United States,Yes,No,Yes,Often,05-Jan,Yes,Yes,Yes,Yes,Very easy
33,Male,United States,No,Yes,No,Never,More than 1000,No,Yes,No,No,Don't know
31,Male,United States,No,No,No,NA,26-100,No,Yes,Don't know,No,Don't know
39,Male,United Kingdom,Yes,No,Yes,Often,25-Jun,No,Yes,No,No,Very difficult
34,female,United States,No,Yes,Yes,Rarely,500-1000,Yes,Yes,Yes,No,Don't know
29,F,United States,No,No,Yes,Sometimes,26-100,No,Yes,Yes,No,Don't know
32,M,United States,No,No,No,NA,500-1000,No,Yes,Don't know,No,Don't know
31,Male,United States,No,No,No,Never,500-1000,No,Yes,Yes,Yes,Somewhat easy
40,male,United States,No,No,Yes,Sometimes,26-100,No,Yes,No,No,Very difficult
34,Male,United States,No,No,No,NA,26-100,No,Yes,Don't know,No,Somewhat easy
18,something kinda male?,Russia,No,No,No,NA,26-100,Yes,Yes,Yes,No,Somewhat easy
25,F,Canada,No,No,Yes,Sometimes,26-100,No,Yes,Yes,No,Don't know
29,male,United States,No,No,No,Never,26-100,No,Yes,Don't know,No,Don't know
24,Male,United States,No,Yes,No,Rarely,26-100,No,Yes,Don't know,No,Somewhat easy
31,male,Mexico,No,Yes,Yes,Sometimes,25-Jun,No,Yes,Don't know,No,Don't know
33,Cis Male,United States,No,No,Yes,Sometimes,25-Jun,No,Yes,No,No,Somewhat easy
30,M,United States,No,No,Yes,Often,05-Jan,No,Yes,No,No,Somewhat easy
44,Female,United States,No,No,No,Never,100-500,No,Yes,Yes,Don't know,Don't know
25,Male,United States,No,Yes,No,NA,26-100,No,Yes,Don't know,Don't know,Very easy
33,Male,United States,No,Yes,Yes,Sometimes,26-100,Yes,Yes,Yes,Yes,Somewhat easy
29,Male,United States,No,No,No,Never,More than 1000,No,Yes,Yes,Yes,Somewhat easy
35,Male,United States,No,Yes,No,Rarely,25-Jun,No,Yes,Yes,No,Somewhat easy
35,M,United States,No,Yes,Yes,Sometimes,26-100,Yes,Yes,Don't know,No,Somewhat easy
28,Male,Brazil,No,Yes,Yes,Rarely,25-Jun,No,Yes,No,No,Don't know
34,m,United States,No,Yes,No,Never,25-Jun,Yes,Yes,Yes,No,Don't know
32,Male,United States,No,No,Yes,Sometimes,26-100,No,Yes,Yes,Yes,Somewhat difficult
22,Male,United States,No,No,Yes,Sometimes,500-1000,No,Yes,Yes,No,Don't know
28,Male,United States,No,No,Yes,Sometimes,26-100,No,Yes,Yes,Yes,Somewhat easy
45,male,United States,No,Yes,Yes,Rarely,25-Jun,Yes,Yes,Yes,No,Very easy
32,Male,United States,No,No,No,Never,100-500,No,Yes,Yes,No,Don't know
28,male,United States,No,No,No,NA,More than 1000,No,Yes,Don't know,No,Don't know
26,Male,United Kingdom,No,No,No,Never,25-Jun,No,Yes,Don't know,No,Very easy
18,Male,United States,No,No,Yes,Rarely,05-Jan,Yes,Yes,No,No,Very easy
35,Male,United States,No,No,No,NA,26-100,Yes,Yes,Don't know,No,Don't know
29,Male,United States,No,No,No,Never,More than 1000,No,Yes,Yes,No,Don't know
25,Male,United States,No,No,No,NA,26-100,Yes,Yes,Don't know,No,Very easy
33,Male,United States,No,Yes,Yes,Sometimes,25-Jun,Yes,Yes,Don't know,Don't know,Very easy
36,Male,United States,No,No,No,Often,25-Jun,No,Yes,Yes,No,Don't know
27,Male,United States,No,Yes,No,Never,500-1000,No,Yes,Yes,Yes,Don't know
27,Male,United Kingdom,No,No,No,NA,25-Jun,No,Yes,No,No,Don't know
32,M,United States,No,No,Yes,Rarely,100-500,No,Yes,Yes,No,Don't know
31,Male,United Kingdom,No,Yes,No,Sometimes,25-Jun,No,Yes,No,No,Somewhat easy
19,male,Slovenia,No,No,Yes,Sometimes,25-Jun,No,Yes,Don't know,No,Somewhat easy
33,Male,United States,No,Yes,Yes,Sometimes,More than 1000,No,Yes,Yes,No,Very easy
32,male,United States,No,No,No,Rarely,05-Jan,Yes,Yes,No,No,Very difficult
27,Male,United States,No,No,No,Never,26-100,No,Yes,Don't know,Don't know,Don't know
38,Male,Costa Rica,No,No,No,NA,26-100,Yes,Yes,No,No,Somewhat easy
24,Male,Canada,No,No,Yes,Never,26-100,No,Yes,Don't know,No,Don't know
28,Male,United Kingdom,No,No,No,Never,25-Jun,No,Yes,Don't know,No,Very easy
39,Male,United States,No,No,Yes,Often,More than 1000,No,Yes,Yes,No,Somewhat easy
29,Female,United States,No,No,No,NA,25-Jun,No,Yes,Don't know,No,Somewhat easy
22,m,Austria,No,No,No,NA,25-Jun,Yes,Yes,Don't know,Don't know,Somewhat easy
38,Male,United States,No,Yes,Yes,Sometimes,100-500,No,Yes,Don't know,Don't know,Don't know
30,Female,United States,No,Yes,No,NA,More than 1000,Yes,Yes,Don't know,No,Don't know
24,M,United Kingdom,No,No,No,Never,25-Jun,No,Yes,No,No,Don't know
30,male,Ireland,No,No,Yes,Rarely,100-500,No,Yes,No,Yes,Somewhat easy
29,Female,United States,No,No,No,NA,100-500,Yes,Yes,Don't know,No,Don't know
19,Male,Canada,Yes,Yes,No,NA,05-Jan,Yes,Yes,Don't know,No,Somewhat easy
32,male,United States,No,Yes,No,Never,26-100,No,Yes,Don't know,No,Very easy
28,male,Poland,No,No,No,Rarely,25-Jun,Yes,Yes,No,No,Don't know
36,Male,United States,No,No,No,Never,25-Jun,No,Yes,Don't know,Don't know,Don't know
27,Male,United States,No,Yes,Yes,Sometimes,More than 1000,No,Yes,Don't know,No,Don't know
27,male,United States,No,No,Yes,Rarely,26-100,Yes,Yes,No,No,Somewhat difficult
25,Male,United States,No,Yes,Yes,Sometimes,26-100,No,Yes,Don't know,No,Very easy
25,F,United States,No,Yes,Yes,Sometimes,500-1000,No,Yes,Yes,No,Don't know
31,M,United States,No,No,No,Never,More than 1000,No,Yes,Yes,No,Don't know
26,male,United States,No,Yes,No,Rarely,25-Jun,No,Yes,Don't know,No,Don't know
33,F,United States,Yes,Yes,Yes,Sometimes,05-Jan,No,Yes,No,Yes,Very difficult
27,Woman,United Kingdom,Yes,Yes,No,NA,05-Jan,Yes,Yes,No,No,Somewhat easy
34,Male,United States,No,No,No,Never,26-100,No,Yes,No,No,Very easy
42,male,United States,No,No,No,NA,25-Jun,No,Yes,No,No,Very difficult
23,male,Ireland,Yes,Yes,No,Sometimes,05-Jan,No,Yes,No,No,Very difficult
24,Male,United Kingdom,No,No,No,Rarely,100-500,No,Yes,Don't know,Yes,Very easy
26,Male,United Kingdom,No,No,Yes,Sometimes,More than 1000,No,Yes,Yes,Don't know,Somewhat easy
31,Male,United Kingdom,Yes,No,Yes,Often,25-Jun,No,Yes,Don't know,No,Don't know
22,M,India,No,No,Yes,Never,More than 1000,No,Yes,Don't know,No,Very difficult
23,Female,United States,No,No,No,NA,25-Jun,No,Yes,Don't know,No,Don't know
31,male,United States,No,No,No,Never,26-100,No,Yes,Don't know,No,Don't know
32,Female,United States,No,No,Yes,Often,25-Jun,Yes,Yes,Yes,Don't know,Very easy
45,F,United States,No,No,Yes,Sometimes,05-Jan,No,Yes,Yes,No,Somewhat difficult
33,Male,United States,No,No,No,NA,25-Jun,Yes,Yes,Don't know,No,Very easy
29,male,Mexico,No,No,No,Never,25-Jun,Yes,Yes,No,No,Don't know
28,Female,United Kingdom,No,No,No,Never,26-100,No,Yes,Don't know,No,Somewhat easy
45,M,United States,No,No,Yes,Sometimes,More than 1000,No,Yes,Don't know,Don't know,Don't know
43,Male,United States,No,Yes,Yes,Often,More than 1000,Yes,Yes,Yes,No,Very difficult
37,male,United States,No,No,No,NA,500-1000,Yes,Yes,Yes,No,Don't know
24,Male,United Kingdom,No,No,No,Sometimes,25-Jun,No,Yes,Don't know,No,Somewhat easy
26,Male,France,No,No,No,NA,25-Jun,Yes,Yes,No,No,Somewhat easy
23,male,United Kingdom,No,Yes,No,NA,05-Jan,Yes,Yes,Don't know,No,Don't know
35,Female,United States,No,Yes,Yes,Never,More than 1000,No,Yes,Yes,Don't know,Somewhat easy
38,Female,South Africa,Yes,Yes,Yes,Often,05-Jan,Yes,Yes,No,No,Somewhat easy
28,Male,United States,No,Yes,Yes,Sometimes,26-100,No,Yes,Yes,No,Somewhat easy
28,Male,Russia,No,No,No,Sometimes,26-100,No,Yes,No,No,Don't know
35,Male,United States,No,No,Yes,Rarely,25-Jun,No,Yes,No,No,Don't know
32,female,Germany,No,No,No,Sometimes,100-500,No,Yes,No,No,Very difficult
31,Mal,Italy,Yes,Yes,No,Never,25-Jun,No,Yes,No,No,Somewhat easy
35,Female,United States,No,No,No,Never,500-1000,Yes,Yes,Don't know,No,Don't know
26,Male,United States,No,No,No,Rarely,More than 1000,No,Yes,Yes,No,Somewhat easy
27,Male,United States,No,Yes,No,NA,25-Jun,Yes,Yes,Yes,No,Somewhat easy
28,Male,United Kingdom,No,Yes,Yes,Sometimes,More than 1000,No,Yes,Don't know,No,Don't know
27,Female,United States,No,Yes,Yes,Sometimes,26-100,No,Yes,Yes,No,Very easy
41,male,United States,No,No,Yes,Often,25-Jun,Yes,Yes,No,No,Very difficult
37,Male,Ireland,No,No,No,Sometimes,05-Jan,No,Yes,No,No,Very difficult
34,male,Austria,No,Yes,No,NA,100-500,Yes,Yes,Don't know,Don't know,Very easy
32,Male,United Kingdom,No,Yes,Yes,Sometimes,100-500,Yes,Yes,Don't know,No,Somewhat difficult
21,Male,Canada,No,No,Yes,Sometimes,25-Jun,Yes,Yes,No,No,Somewhat difficult
30,M,United States,No,No,Yes,Often,26-100,No,Yes,No,No,Somewhat easy
24,male,United States,No,No,No,Never,26-100,No,Yes,Don't know,No,Don't know
26,male,Bulgaria,No,No,No,NA,100-500,No,Yes,No,No,Very easy
40,Female,United States,No,No,No,NA,26-100,No,Yes,Yes,Yes,Somewhat easy
26,Male,United Kingdom,Yes,No,Yes,Often,05-Jan,Yes,Yes,No,No,Don't know
32,F,United States,No,Yes,Yes,Sometimes,25-Jun,No,Yes,Don't know,No,Don't know
27,female,United States,Yes,Yes,Yes,Sometimes,05-Jan,Yes,Yes,No,Don't know,Very difficult
30,Male,Germany,Yes,No,Yes,Often,25-Jun,Yes,Yes,Yes,No,Very difficult
31,M,Canada,Yes,No,No,NA,25-Jun,No,Yes,Yes,No,Very easy
41,Male (CIS),United States,No,No,No,NA,26-100,No,Yes,Yes,No,Very easy
34,female,United States,No,No,No,NA,25-Jun,No,Yes,Yes,No,Somewhat easy
33,Male,United Kingdom,No,No,No,NA,26-100,No,Yes,Don't know,No,Don't know
28,male,United States,No,No,No,Rarely,25-Jun,No,Yes,Don't know,No,Don't know
28,Male,United States,No,No,Yes,Sometimes,More than 1000,No,Yes,No,No,Very difficult
23,Male,United States,No,No,No,Never,26-100,No,Yes,Don't know,Don't know,Don't know
24,M,United States,No,No,No,NA,05-Jan,No,Yes,Don't know,Don't know,Very easy
32,male,United States,No,No,No,Rarely,05-Jan,Yes,Yes,No,No,Very difficult
34,Male,Australia,Yes,No,No,Sometimes,05-Jan,Yes,Yes,Don't know,Yes,Somewhat difficult
24,Male,United States,No,No,No,Never,25-Jun,No,Yes,Yes,No,Very easy
26,male,United Kingdom,Yes,No,Yes,Sometimes,05-Jan,No,Yes,No,No,Don't know
36,Male,United States,No,No,Yes,Sometimes,26-100,No,Yes,Yes,No,Don't know
41,Male,United States,No,No,Yes,Rarely,500-1000,Yes,Yes,Yes,No,Don't know
38,Male,United States,No,No,No,Sometimes,26-100,Yes,Yes,Don't know,No,Don't know
30,male,Netherlands,No,No,No,NA,26-100,No,Yes,Don't know,Don't know,Somewhat easy
25,Male,United Kingdom,No,No,No,Never,26-100,No,Yes,No,No,Somewhat difficult
37,Male,Canada,No,Yes,Yes,Often,26-100,No,Yes,Yes,No,Don't know
34,Male,United Kingdom,No,Yes,No,NA,25-Jun,No,Yes,No,No,Somewhat difficult
22,Male,Sweden,No,No,No,NA,25-Jun,No,Yes,Don't know,No,Don't know
34,male,United States,No,Yes,Yes,Sometimes,05-Jan,No,Yes,No,No,Somewhat difficult
33,M,United States,No,Yes,Yes,Sometimes,26-100,No,Yes,Yes,Yes,Somewhat easy
25,Male,South Africa,No,No,No,NA,25-Jun,No,Yes,No,No,Somewhat difficult
27,Male,United States,No,No,No,Never,More than 1000,Yes,Yes,Yes,Don't know,Somewhat easy
40,M,United States,No,No,Yes,Sometimes,More than 1000,Yes,Yes,Yes,Yes,Don't know
32,M,United States,No,Yes,Yes,Sometimes,05-Jan,Yes,Yes,No,No,Don't know
28,Male,United States,No,Yes,No,NA,100-500,No,Yes,Yes,No,Somewhat easy
31,male,United States,No,Yes,Yes,Rarely,100-500,Yes,Yes,Yes,Yes,Very easy
24,Male,United States,No,No,No,Sometimes,25-Jun,No,Yes,Don't know,Don't know,Don't know
29,Male,Canada,No,No,No,Often,25-Jun,No,Yes,No,No,Somewhat difficult
23,Female,United Kingdom,No,No,Yes,Sometimes,25-Jun,No,Yes,Don't know,Don't know,Don't know
42,Male,United States,No,No,No,Never,25-Jun,Yes,Yes,No,No,Somewhat easy
24,Male,United Kingdom,No,No,No,NA,05-Jan,No,Yes,No,No,Don't know
25,Male,Australia,No,Yes,Yes,Often,25-Jun,No,Yes,No,No,Very difficult
27,Female,United States,No,No,Yes,Rarely,25-Jun,No,Yes,Yes,No,Don't know
27,Male,Canada,No,No,No,Sometimes,25-Jun,Yes,Yes,No,No,Very difficult
30,Male,United States,No,No,Yes,Sometimes,100-500,Yes,Yes,Yes,No,Don't know
29,male,Poland,No,Yes,Yes,Rarely,25-Jun,No,Yes,No,No,Very difficult
43,Male,Canada,Yes,No,No,NA,25-Jun,Yes,Yes,No,No,Somewhat easy
32,male,United States,No,No,No,NA,25-Jun,No,Yes,No,No,Very easy
41,Male,United States,No,No,Yes,Sometimes,26-100,Yes,Yes,Yes,Don't know,Very easy
32,Male,United Kingdom,Yes,Yes,Yes,Sometimes,05-Jan,Yes,Yes,Don't know,Don't know,Very easy
37,Female,United States,No,Yes,Yes,Often,26-100,No,Yes,Yes,No,Don't know
32,Male,United States,No,No,No,Never,25-Jun,Yes,Yes,No,No,Very easy
30,Male,Ireland,Yes,No,No,Sometimes,05-Jan,Yes,Yes,No,No,Somewhat difficult
30,Male,United States,No,No,No,NA,More than 1000,No,Yes,Yes,Yes,Very easy
34,male,United Kingdom,No,No,No,Sometimes,26-100,No,Yes,No,No,Somewhat easy
38,Male,United States,No,No,Yes,Rarely,26-100,Yes,Yes,Yes,No,Don't know
33,Male,Canada,No,No,No,NA,100-500,No,Yes,Yes,Yes,Don't know
28,male,Colombia,No,No,No,Sometimes,25-Jun,No,Yes,No,No,Somewhat easy
23,Male,United States,No,Yes,No,Sometimes,100-500,No,Yes,Don't know,No,Don't know
22,Male,Australia,Yes,Yes,Yes,Sometimes,25-Jun,Yes,Yes,Don't know,Yes,Somewhat easy
27,male,Portugal,No,No,No,Never,25-Jun,No,Yes,No,No,Don't know
18,male,United States,No,No,Yes,Sometimes,25-Jun,No,Yes,Don't know,No,Don't know
35,male,United States,No,Yes,Yes,Sometimes,26-100,No,Yes,Yes,No,Somewhat difficult
27,Male,United Kingdom,No,Yes,Yes,Sometimes,25-Jun,No,Yes,No,No,Somewhat easy
26,Female,United States,No,Yes,Yes,Rarely,More than 1000,No,Yes,Yes,Don't know,Don't know
18,Male,United States,No,No,No,Never,26-100,No,Yes,Don't know,Don't know,Very easy
38,Female,United States,No,No,Yes,Sometimes,05-Jan,No,Yes,No,No,Don't know
26,Female,United States,No,Yes,Yes,Rarely,More than 1000,Yes,Yes,Yes,Yes,Somewhat easy
30,Male,Switzerland,Yes,No,No,Never,05-Jan,No,Yes,No,No,Somewhat easy
35,male,United States,No,No,No,Never,More than 1000,No,Yes,Don't know,No,Don't know
45,male,United States,No,Yes,Yes,Sometimes,More than 1000,No,Yes,Yes,Don't know,Don't know
32,Male,United States,No,No,No,Never,More than 1000,No,Yes,Yes,No,Don't know
56,Male,United States,No,No,Yes,Never,More than 1000,No,Yes,Yes,Don't know,Don't know
24,Female,United States,No,No,No,NA,500-1000,No,Yes,Don't know,No,Don't know
30,F,United States,No,Yes,Yes,Sometimes,26-100,No,Yes,Yes,Yes,Very easy
60,male,United States,No,No,No,NA,More than 1000,No,Yes,Yes,Don't know,Don't know
33,Male,United States,No,Yes,Yes,Sometimes,More than 1000,No,Yes,Yes,Yes,Don't know
37,M,United States,No,No,No,Never,More than 1000,No,Yes,Yes,Yes,Don't know
23,Female,United States,No,No,Yes,Sometimes,More than 1000,No,Yes,Yes,Yes,Don't know
31,f,United States,No,No,Yes,Sometimes,More than 1000,No,Yes,Yes,Don't know,Somewhat easy
26,Male,United States,No,No,No,Rarely,100-500,No,Yes,Yes,No,Don't know
37,F,United States,No,No,Yes,Rarely,More than 1000,No,Yes,Yes,Don't know,Somewhat easy
26,male,Canada,No,Yes,Yes,Often,25-Jun,No,Yes,Yes,No,Don't know
30,queer/she/they,United States,No,Yes,Yes,Rarely,26-100,No,Yes,Yes,No,Somewhat easy
26,M,United States,No,No,No,NA,26-100,No,Yes,No,No,Don't know
25,Male,United States,No,No,No,NA,26-100,Yes,Yes,Don't know,No,Don't know
27,Male,United States,No,No,No,Sometimes,100-500,No,Yes,Yes,Yes,Don't know
35,male,United States,No,No,Yes,Rarely,100-500,No,Yes,Yes,Don't know,Don't know
36,Male,United States,Yes,No,Yes,Never,05-Jan,No,Yes,No,No,Somewhat easy
26,Male,United States,No,Yes,Yes,Sometimes,More than 1000,No,Yes,Yes,No,Don't know
27,Male,United States,No,Yes,No,NA,More than 1000,No,Yes,Don't know,Don't know,Very easy
22,Female,United States,No,Yes,Yes,Often,More than 1000,No,Yes,Yes,Yes,Somewhat easy
29,male,Latvia,No,No,No,NA,26-100,No,Yes,No,No,Somewhat easy
41,Male,United States,No,Yes,Yes,Rarely,100-500,Yes,Yes,Yes,Don't know,Somewhat easy
29,Male,United States,No,No,Yes,Sometimes,More than 1000,No,Yes,Yes,No,Don't know
32,Male,United States,No,No,No,Never,500-1000,No,Yes,Yes,Don't know,Somewhat easy
24,female,United States,No,Yes,Yes,Sometimes,More than 1000,No,Yes,Yes,No,Don't know
25,Male,United States,No,No,Yes,Rarely,25-Jun,No,Yes,Yes,Don't know,Don't know
25,m,United States,No,No,No,NA,More than 1000,No,Yes,Don't know,Don't know,Don't know
30,Female,United States,No,No,No,Never,More than 1000,No,Yes,Yes,Yes,Somewhat easy
25,Male,United States,No,Yes,Yes,Sometimes,More than 1000,No,Yes,Don't know,Don't know,Don't know
30,Male,United States,Yes,No,No,Never,05-Jan,Yes,Yes,No,No,Don't know
24,Male,United States,No,No,No,NA,26-100,No,Yes,Yes,Yes,Very easy
25,Male,Canada,No,Yes,Yes,Sometimes,More than 1000,No,Yes,Yes,No,Don't know
45,Male,Ireland,Yes,No,Yes,Often,05-Jan,No,Yes,No,No,Very difficult
46,M,United States,No,No,No,Never,26-100,No,Yes,Yes,Yes,Very easy
30,Male,United Kingdom,No,No,Yes,Sometimes,26-100,No,Yes,Don't know,No,Don't know
29,F,United States,Yes,No,No,Sometimes,More than 1000,No,Yes,Yes,Don't know,Very easy
24,Male,United States,No,No,No,NA,More than 1000,No,Yes,Yes,Don't know,Don't know
29,male,United States,No,No,No,NA,26-100,No,Yes,Yes,Yes,Very easy
33,f,United States,No,Yes,No,Sometimes,26-100,Yes,Yes,No,No,Very difficult
27,Male,United States,No,No,No,Sometimes,More than 1000,No,Yes,Don't know,Don't know,Very easy
36,Male,United States,No,No,No,NA,More than 1000,No,Yes,Don't know,Don't know,Don't know
33,Male,United Kingdom,No,No,No,Rarely,05-Jan,Yes,Yes,Don't know,No,Don't know
25,F,United States,No,Yes,Yes,Sometimes,26-100,No,Yes,Yes,No,Don't know
54,M,United States,No,Yes,Yes,Never,More than 1000,No,Yes,Don't know,Yes,Don't know
22,Male,United States,No,No,No,Sometimes,More than 1000,No,Yes,Don't know,Don't know,Don't know
25,non-binary,United States,No,Yes,Yes,Sometimes,More than 1000,No,Yes,Yes,Don't know,Don't know
27,Male,United States,No,No,Yes,Sometimes,More than 1000,No,Yes,Yes,Yes,Don't know
30,Male,United Kingdom,No,No,No,Never,25-Jun,No,Yes,No,No,Very easy
26,male,United States,No,Yes,Yes,Often,More than 1000,No,Yes,Yes,Don't know,Don't know
25,Female,Sweden,No,Yes,No,Sometimes,25-Jun,No,Yes,Yes,Yes,Somewhat easy
33,M,United States,No,Yes,Yes,Sometimes,26-100,No,Yes,Don't know,No,Don't know
34,M,United States,No,Yes,Yes,Sometimes,More than 1000,No,Yes,Yes,Don't know,Don't know
34,Male,United States,No,No,Yes,Sometimes,100-500,Yes,Yes,No,No,Somewhat easy
29,M,United States,Yes,No,No,NA,05-Jan,Yes,Yes,No,No,Very easy
33,Femake,United States,No,No,No,NA,25-Jun,No,Yes,No,No,Somewhat difficult
34,male,Germany,Yes,Yes,Yes,Rarely,26-100,Yes,Yes,No,No,Somewhat difficult
329,Male,United States,No,No,Yes,Often,25-Jun,Yes,Yes,Yes,No,Don't know
28,Male,United States,No,Yes,Yes,Sometimes,More than 1000,No,Yes,Don't know,No,Somewhat difficult
35,Male,United States,No,Yes,No,NA,More than 1000,No,Yes,Yes,Yes,Very easy
36,Male,United States,No,Yes,Yes,Often,100-500,No,Yes,No,No,Very easy
21,Male,United States,No,Yes,Yes,Rarely,100-500,No,Yes,Yes,No,Don't know
22,F,United States,No,No,No,NA,More than 1000,No,Yes,Yes,Yes,Somewhat easy
41,m,United States,No,Yes,Yes,Often,More than 1000,No,Yes,Yes,Yes,Somewhat difficult
55,M,United States,No,Yes,Yes,Rarely,More than 1000,No,Yes,Yes,Yes,Very easy
32,F,United States,No,No,Yes,Sometimes,26-100,No,Yes,Yes,Yes,Somewhat easy
21,F,United States,No,Yes,Yes,Rarely,26-100,No,Yes,Don't know,Don't know,Somewhat easy
45,M,United States,No,No,Yes,Never,26-100,Yes,Yes,Yes,Don't know,Don't know
27,female,United States,No,No,Yes,Rarely,More than 1000,No,Yes,Yes,No,Don't know
25,Female,United States,No,Yes,Yes,Sometimes,26-100,Yes,Yes,Don't know,No,Don't know
26,F,United States,No,Yes,Yes,Never,More than 1000,No,Yes,Yes,No,Don't know
41,Male,Canada,No,No,Yes,Never,500-1000,No,Yes,Yes,No,Somewhat easy
27,Male,United States,No,No,Yes,Rarely,More than 1000,No,Yes,Yes,Yes,Don't know
31,Make,United States,No,Yes,Yes,Sometimes,26-100,Yes,Yes,Yes,No,Don't know
25,Male,Germany,No,Yes,Yes,Often,26-100,Yes,Yes,No,No,Somewhat easy
26,M,United States,No,No,Yes,Sometimes,25-Jun,No,Yes,Don't know,No,Don't know
27,female,United States,No,Yes,Yes,Rarely,More than 1000,Yes,Yes,Yes,No,Don't know
42,Male,New Zealand,No,No,No,Never,500-1000,No,Yes,Don't know,No,Don't know
29,Nah,United States,Yes,Yes,Yes,Sometimes,05-Jan,Yes,Yes,Yes,No,Very difficult
25,female,United States,No,No,Yes,Sometimes,25-Jun,No,Yes,Don't know,No,Somewhat difficult
33,Female,Sweden,No,Yes,Yes,Rarely,More than 1000,No,Yes,Yes,No,Don't know
99999999999,All,Zimbabwe,Yes,Yes,Yes,Often,05-Jan,No,Yes,No,No,Very difficult
31,Male,United States,No,No,No,Never,More than 1000,No,Yes,Don't know,No,Somewhat easy
26,Male,Canada,No,Yes,Yes,Often,26-100,Yes,Yes,Don't know,Don't know,Very easy
48,M,United Kingdom,No,No,No,NA,26-100,No,Yes,Don't know,No,Don't know
35,Male,United Kingdom,No,No,No,Sometimes,25-Jun,No,Yes,No,No,Very difficult
32,female,United States,No,No,No,Never,100-500,No,Yes,Don't know,No,Don't know
29,Male,Canada,No,No,Yes,Sometimes,100-500,No,Yes,Don't know,Don't know,Somewhat easy
26,Male,United States,No,Yes,Yes,Often,25-Jun,No,Yes,Yes,No,Somewhat difficult
28,Male,United States,No,Yes,Yes,Sometimes,26-100,No,Yes,Yes,No,Don't know
23,male,United States,No,No,No,NA,More than 1000,No,Yes,Don't know,No,Don't know
35,M,United States,No,Yes,Yes,Sometimes,100-500,No,Yes,Yes,No,Very difficult
29,male,Germany,No,Yes,Yes,Sometimes,26-100,No,Yes,Don't know,No,Very easy
26,Male,United States,No,Yes,No,NA,25-Jun,No,Yes,Yes,No,Very easy
33,Male,United States,No,Yes,Yes,Never,26-100,Yes,Yes,Yes,Yes,Don't know
33,Male,United States,No,No,No,NA,More than 1000,Yes,Yes,Don't know,Don't know,Don't know
22,Male,Brazil,Yes,No,No,Never,25-Jun,Yes,Yes,Don't know,No,Somewhat easy
30,female,Spain,No,Yes,No,NA,500-1000,No,Yes,No,No,Don't know
33,male,United States,No,Yes,Yes,Often,More than 1000,Yes,Yes,Yes,No,Somewhat easy
21,male,United States,No,Yes,No,Never,More than 1000,No,Yes,Don't know,Don't know,Don't know
31,Enby,United Kingdom,No,Yes,Yes,Sometimes,More than 1000,No,Yes,Don't know,No,Don't know
26,F,United States,No,No,Yes,Sometimes,100-500,Yes,Yes,Don't know,Don't know,Somewhat difficult
30,Male,United States,No,Yes,No,Often,25-Jun,No,Yes,Don't know,No,Somewhat easy
30,fluid,Germany,No,Yes,Yes,Sometimes,100-500,No,Yes,Don't know,No,Somewhat difficult
23,Male,India,No,No,No,NA,25-Jun,No,Yes,No,No,Don't know
34,Male,Finland,No,No,No,Never,25-Jun,No,Yes,No,No,Somewhat easy
55,M,United States,No,Yes,Yes,Sometimes,05-Jan,Yes,Yes,No,No,Don't know
28,male,Germany,No,Yes,Yes,Rarely,05-Jan,Yes,Yes,Yes,No,Very easy
26,M,Uruguay,No,No,No,NA,26-100,Yes,Yes,Don't know,Don't know,Don't know
28,Male,New Zealand,No,Yes,Yes,Sometimes,25-Jun,Yes,Yes,Yes,Yes,Very easy
32,Male,United Kingdom,No,Yes,Yes,Sometimes,25-Jun,No,Yes,No,No,Somewhat easy
24,Male,United States,No,Yes,Yes,Sometimes,100-500,No,Yes,No,No,Somewhat difficult
24,Female,United States,No,No,No,NA,More than 1000,No,Yes,Yes,Yes,Somewhat easy
28,Male,Canada,Yes,No,No,Never,100-500,Yes,Yes,Don't know,No,Somewhat easy
24,F,United States,No,Yes,Yes,Rarely,25-Jun,No,Yes,No,No,Very easy
33,male,United States,Yes,No,Yes,Often,05-Jan,Yes,Yes,No,No,Somewhat easy
34,male,United States,No,No,No,Sometimes,26-100,No,Yes,Don't know,No,Don't know
27,female,United States,No,No,Yes,Sometimes,26-100,No,Yes,Don't know,No,Somewhat difficult
28,Male,United States,No,No,No,Never,25-Jun,No,Yes,Don't know,No,Don't know
26,Male,United States,No,No,No,NA,More than 1000,No,Yes,Don't know,Don't know,Don't know
20,Male,Australia,No,No,No,NA,100-500,Yes,Yes,Don't know,Don't know,Very easy
23,female,United States,No,No,Yes,Sometimes,26-100,No,Yes,Yes,No,Don't know
29,Male,United States,No,Yes,Yes,Rarely,05-Jan,Yes,Yes,Yes,Yes,Somewhat easy
26,Male,United Kingdom,No,Yes,No,Sometimes,25-Jun,No,Yes,No,No,Don't know
36,Male,United States,No,No,No,Rarely,More than 1000,Yes,Yes,Yes,Yes,Somewhat easy
41,m,United States,No,No,Yes,Sometimes,More than 1000,No,Yes,Yes,Yes,Don't know
33,female,United States,No,No,No,NA,100-500,Yes,Yes,Yes,Don't know,Don't know
23,M,Canada,No,Yes,Yes,Sometimes,25-Jun,No,Yes,Yes,No,Very easy
39,Male,United States,No,Yes,No,Often,More than 1000,No,Yes,Yes,No,Don't know
34,M,United States,No,Yes,No,NA,More than 1000,No,Yes,Yes,Don't know,Don't know
26,F,United States,No,No,Yes,Sometimes,100-500,No,Yes,Yes,No,Somewhat difficult
24,Male,United States,No,No,Yes,Rarely,26-100,No,Yes,Yes,Yes,Don't know
43,Male,United States,Yes,Yes,Yes,Often,25-Jun,Yes,Yes,Yes,No,Very easy
40,Genderqueer,United States,No,Yes,No,Never,More than 1000,No,Yes,Yes,Yes,Don't know
30,male,United States,No,Yes,Yes,Often,More than 1000,No,Yes,Yes,Yes,Very difficult
34,M,United States,No,No,Yes,Sometimes,25-Jun,No,Yes,Don't know,No,Don't know
27,Male,United States,No,Yes,Yes,Sometimes,100-500,No,Yes,Don't know,No,Don't know
36,Male,United States,No,No,No,Sometimes,More than 1000,No,Yes,Don't know,No,Somewhat easy
27,Male,Brazil,No,No,No,Rarely,25-Jun,No,Yes,No,No,Somewhat easy
35,Male,Netherlands,No,Yes,No,Never,100-500,No,Yes,Yes,No,Don't know
32,Male,United Kingdom,No,No,No,Never,25-Jun,No,Yes,No,No,Don't know
37,M,United States,No,No,No,NA,500-1000,No,Yes,Yes,No,Don't know
29,Male,United Kingdom,No,No,No,NA,26-100,No,Yes,Don't know,Don't know,Don't know
33,Female ,United States,No,No,No,Never,500-1000,No,Yes,Yes,Yes,Very easy
28,Make,United States,No,No,No,Sometimes,25-Jun,Yes,Yes,No,No,Somewhat easy
26,Female,United States,No,Yes,No,Never,26-100,No,Yes,Don't know,No,Somewhat difficult
27,M,United States,No,Yes,Yes,Sometimes,25-Jun,Yes,Yes,Don't know,Yes,Somewhat easy
38,Male,United Kingdom,Yes,No,Yes,Sometimes,26-100,Yes,Yes,No,No,Somewhat easy
57,M,United States,No,Yes,Yes,Rarely,More than 1000,No,Yes,Yes,No,Don't know
28,Male,United Kingdom,No,No,Yes,Sometimes,More than 1000,No,Yes,No,No,Very difficult
26,male,France,No,No,No,Never,25-Jun,No,Yes,No,No,Don't know
42,f,Netherlands,No,No,Yes,Rarely,100-500,Yes,Yes,Yes,No,Don't know
31,Male,United States,No,No,Yes,Sometimes,100-500,Yes,Yes,Yes,Yes,Very easy
58,Male,United States,No,No,Yes,Rarely,More than 1000,No,Yes,Yes,Yes,Somewhat easy
29,Male,United States,No,No,No,Sometimes,25-Jun,No,Yes,Don't know,No,Very difficult
39,Female,United Kingdom,No,No,Yes,Sometimes,More than 1000,No,Yes,Yes,No,Don't know
34,Male,United States,No,No,No,Sometimes,25-Jun,Yes,Yes,Don't know,No,Very difficult
57,Male,United States,No,No,Yes,Sometimes,More than 1000,No,Yes,Yes,Yes,Don't know
27,Male,Germany,No,Yes,Yes,Sometimes,25-Jun,No,Yes,No,No,Somewhat difficult
23,male,Germany,Yes,Yes,Yes,Often,26-100,Yes,Yes,Don't know,Don't know,Don't know
30,female,United States,No,No,No,NA,100-500,No,Yes,Don't know,No,Don't know
43,M,United States,No,No,Yes,Sometimes,More than 1000,No,Yes,Yes,Yes,Somewhat easy
18,Female,United Kingdom,No,Yes,Yes,Sometimes,05-Jan,Yes,Yes,Don't know,Don't know,Don't know
29,male,United States,No,No,Yes,Rarely,25-Jun,No,Yes,Yes,No,Don't know
48,M,United States,No,No,No,Never,25-Jun,No,Yes,Don't know,No,Don't know
28,Female,United States,No,Yes,Yes,Sometimes,26-100,No,Yes,Don't know,No,Don't know
30,Male,United States,Yes,Yes,Yes,Often,05-Jan,Yes,Yes,No,No,Very easy
26,Male,Israel,No,No,No,Sometimes,25-Jun,No,Yes,No,No,Very easy
31,Male,United States,No,No,No,NA,More than 1000,No,Yes,Yes,Don't know,Don't know
27,Male,Israel,No,No,No,NA,26-100,No,Yes,No,No,Somewhat difficult
24,Female,United States,Yes,Yes,Yes,Sometimes,05-Jan,Yes,Yes,No,Don't know,Don't know
25,male,United States,No,No,No,NA,26-100,No,Yes,Don't know,Don't know,Don't know
23,Female,United States,No,Yes,Yes,Often,More than 1000,No,Yes,Yes,Don't know,Don't know
25,female,United States,Yes,Yes,Yes,Often,05-Jan,Yes,Yes,Don't know,No,Somewhat difficult
34,Male,Netherlands,No,No,No,Rarely,25-Jun,No,Yes,Don't know,Don't know,Somewhat easy
38,female,United States,No,No,Yes,NA,26-100,No,Yes,Yes,No,Don't know
40,Male,Ireland,Yes,Yes,No,NA,More than 1000,No,Yes,No,No,Don't know
32,male,United Kingdom,No,No,No,NA,26-100,No,Yes,No,No,Don't know
35,Female,United States,No,No,Yes,Sometimes,100-500,No,Yes,No,No,Don't know
46,male,United States,No,No,Yes,Sometimes,More than 1000,No,Yes,Yes,Yes,Don't know
32,male,United Kingdom,No,Yes,Yes,Sometimes,25-Jun,Yes,Yes,Yes,No,Don't know
47,M,United States,No,Yes,Yes,Sometimes,More than 1000,No,Yes,Yes,Yes,Very easy
22,Male,United States,No,No,No,NA,More than 1000,No,Yes,Yes,Yes,Don't know
33,Female,United States,No,No,Yes,Sometimes,500-1000,Yes,Yes,Yes,Yes,Very easy
25,f,United States,No,No,No,Sometimes,25-Jun,No,Yes,No,No,Somewhat easy
29,M,United States,No,No,No,NA,More than 1000,No,Yes,Don't know,No,Don't know
39,Male,United States,No,No,No,Never,26-100,No,Yes,Yes,Yes,Very easy
38,male,United States,No,Yes,Yes,Sometimes,More than 1000,No,Yes,Yes,Yes,Don't know
43,Male,United States,No,No,No,NA,25-Jun,Yes,Yes,Don't know,No,Don't know
46,Male,United States,No,No,Yes,Rarely,500-1000,Yes,Yes,Yes,Yes,Don't know
33,Male,Germany,No,No,Yes,Sometimes,25-Jun,No,Yes,Yes,No,Very easy
34,Male,United Kingdom,No,Yes,Yes,Often,26-100,No,Yes,No,No,Very easy
62,M,United States,No,No,No,Never,More than 1000,No,Yes,Yes,Don't know,Don't know
25,Male,Bosnia and Herzegovina,No,Yes,No,Rarely,26-100,Yes,Yes,Don't know,Don't know,Don't know
36,M,United States,Yes,Yes,Yes,Sometimes,05-Jan,Yes,Yes,Don't know,Don't know,Somewhat difficult
41,Female,United States,No,Yes,Yes,Rarely,500-1000,Yes,Yes,Yes,Yes,Very easy
24,male,Austria,Yes,No,No,Sometimes,05-Jan,No,Yes,Yes,Don't know,Somewhat easy
51,Male,New Zealand,No,No,Yes,Sometimes,26-100,Yes,Yes,No,Yes,Somewhat difficult
29,M,United States,No,No,Yes,Sometimes,25-Jun,No,Yes,Yes,No,Very easy
31,Female,Canada,Yes,Yes,Yes,Sometimes,100-500,Yes,Yes,Don't know,Don't know,Don't know
27,Male,United Kingdom,No,No,No,NA,25-Jun,No,Yes,No,No,Don't know
31,Male,Australia,No,No,Yes,Rarely,100-500,No,Yes,Yes,Yes,Somewhat easy
27,female,Hungary,Yes,Yes,No,Sometimes,05-Jan,Yes,Yes,No,No,Very difficult
23,Male,Sweden,No,No,No,Rarely,25-Jun,No,Yes,Don't know,No,Very easy
21,Male,Canada,No,No,No,Never,26-100,No,Yes,Don't know,Don't know,Don't know
27,Female,Australia,No,Yes,Yes,Sometimes,25-Jun,No,Yes,No,No,Somewhat difficult
39,M,United States,No,Yes,Yes,Often,26-100,Yes,Yes,Yes,Yes,Somewhat easy
26,M,United States,No,Yes,Yes,Never,More than 1000,No,Yes,Don't know,No,Don't know
27,Male,United Kingdom,No,No,No,Never,25-Jun,No,Yes,Don't know,No,Don't know
22,Female,United States,No,Yes,Yes,Sometimes,500-1000,No,Yes,Yes,No,Don't know
31,Female,United States,No,Yes,Yes,Rarely,100-500,No,Yes,Yes,No,Somewhat easy
32,male,United Kingdom,No,No,No,Never,25-Jun,No,Yes,Don't know,No,Don't know
28,female,United States,No,Yes,Yes,Often,100-500,Yes,Yes,Yes,No,Don't know
28,Androgyne,United Kingdom,No,Yes,Yes,Rarely,100-500,No,Yes,No,No,Somewhat difficult
23,female,United Kingdom,No,No,No,NA,25-Jun,No,Yes,Don't know,No,Very easy
30,Male,United Kingdom,No,No,No,Never,26-100,Yes,Yes,Don't know,Don't know,Very easy
36,Male,United States,No,Yes,Yes,Sometimes,More than 1000,No,Yes,Yes,No,Somewhat difficult
21,M,United States,No,Yes,No,NA,More than 1000,No,Yes,Yes,Yes,Don't know
30,male,Germany,No,No,No,Often,26-100,No,Yes,No,Don't know,Somewhat easy
32,Male,New Zealand,No,No,Yes,Sometimes,25-Jun,No,Yes,No,No,Very easy
29,female,Canada,No,No,Yes,Sometimes,05-Jan,No,Yes,No,No,Don't know
21,Agender,United Kingdom,No,No,Yes,Sometimes,26-100,No,Yes,No,Yes,Somewhat easy
27,Female,New Zealand,No,Yes,Yes,Rarely,100-500,Yes,Yes,No,No,Somewhat easy
34,M,Australia,No,No,No,Sometimes,More than 1000,No,Yes,Yes,Yes,Very easy
33,M,United States,No,No,No,NA,26-100,No,Yes,Don't know,Don't know,Don't know
22,Male,Netherlands,No,Yes,Yes,Sometimes,25-Jun,Yes,Yes,No,No,Somewhat easy
24,M,United States,No,No,No,NA,More than 1000,No,Yes,Don't know,Don't know,Don't know
27,Male,United States,No,Yes,Yes,Sometimes,100-500,Yes,Yes,Don't know,No,Don't know
33,Male,Australia,No,No,No,Never,More than 1000,No,Yes,Don't know,Don't know,Very easy
36,Male,United States,No,No,Yes,Rarely,26-100,No,Yes,Don't know,No,Don't know
40,Male,Canada,No,No,No,Never,26-100,No,Yes,No,No,Somewhat difficult
28,male,United States,No,No,Yes,Sometimes,More than 1000,No,Yes,Yes,No,Somewhat difficult
39,Male,United States,No,No,Yes,Sometimes,500-1000,No,Yes,Yes,Yes,Don't know
32,Male,United States,No,No,Yes,Sometimes,More than 1000,No,Yes,Yes,No,Somewhat easy
31,male,United States,No,Yes,No,Sometimes,More than 1000,No,Yes,Yes,Don't know,Somewhat easy
38,Make,United States,No,Yes,Yes,Sometimes,100-500,No,Yes,Don't know,No,Don't know
23,Male,United States,No,Yes,Yes,Rarely,05-Jan,No,Yes,No,No,Don't know
42,Make,United States,No,No,Yes,Often,More than 1000,No,Yes,Yes,Yes,Somewhat easy
27,Female,United States,No,No,No,Sometimes,500-1000,No,Yes,Don't know,Don't know,Don't know
26,Female,United States,No,Yes,Yes,Sometimes,26-100,No,Yes,Yes,No,Somewhat difficult
50,Male,United States,No,No,No,Never,26-100,Yes,Yes,No,No,Don't know
37,Male,United States,No,Yes,No,Never,26-100,No,Yes,Don't know,No,Somewhat easy
23,Male,United States,No,No,No,NA,26-100,No,Yes,Don't know,Don't know,Don't know
33,M,United States,No,Yes,No,Sometimes,25-Jun,Yes,Yes,Don't know,No,Very easy
29,male,Canada,Yes,No,No,Never,26-100,Yes,Yes,Yes,No,Very difficult
41,male,United States,No,Yes,Yes,Often,More than 1000,No,Yes,Yes,No,Don't know
50,Male,United States,No,Yes,No,NA,100-500,Yes,Yes,Don't know,No,Don't know
35,Male,United States,No,No,No,Never,25-Jun,No,Yes,No,No,Very easy
27,Male,Singapore,No,No,No,Sometimes,05-Jan,Yes,Yes,No,No,Don't know
27,Male,Australia,No,No,Yes,Often,100-500,Yes,Yes,No,No,Don't know
29,f,United States,No,No,No,Never,26-100,No,Yes,Yes,Yes,Don't know
31,Male,United States,No,Yes,Yes,Sometimes,25-Jun,No,Yes,No,No,Somewhat easy
43,Male,United States,No,No,Yes,Sometimes,25-Jun,No,Yes,No,No,Somewhat easy
34,Male,United States,No,Yes,Yes,Sometimes,26-100,Yes,Yes,Yes,No,Don't know
29,Male,United States,No,Yes,Yes,Sometimes,26-100,No,Yes,Don't know,No,Somewhat difficult
19,Male,Canada,No,Yes,Yes,Sometimes,05-Jan,No,Yes,No,No,Don't know
41,m,United States,No,Yes,Yes,Sometimes,More than 1000,No,Yes,Yes,Yes,Don't know
29,Male,United States,No,Yes,No,Never,100-500,No,Yes,Yes,Yes,Don't know
23,Male,United States,No,No,No,Rarely,100-500,No,Yes,Yes,Don't know,Don't know
24,Female,United States,No,Yes,Yes,Sometimes,100-500,No,Yes,Yes,No,Somewhat difficult
31,M,United States,No,No,No,NA,26-100,Yes,Yes,Don't know,No,Don't know
43,Male,United States,No,No,No,NA,500-1000,Yes,Yes,Don't know,Don't know,Don't know
31,Male,United States,No,Yes,Yes,Rarely,100-500,No,Yes,No,No,Somewhat difficult
29,Male,United States,No,Yes,No,Often,100-500,No,Yes,Yes,Yes,Don't know
35,Male,United States,Yes,Yes,No,NA,25-Jun,Yes,Yes,No,Yes,Very easy
27,male,United States,No,No,No,NA,More than 1000,No,Yes,Yes,Don't know,Don't know
32,Male,United States,No,No,No,Sometimes,100-500,No,Yes,No,No,Don't know
50,Male,United States,No,No,No,Sometimes,05-Jan,Yes,Yes,Don't know,No,Don't know
27,Male,United States,No,No,No,NA,26-100,No,Yes,Don't know,No,Don't know
27,Male,Australia,No,No,No,Never,05-Jan,Yes,Yes,No,No,Don't know
32,Male,United States,No,No,Yes,Sometimes,25-Jun,No,Yes,No,No,Somewhat easy
30,Male,Singapore,No,No,No,Sometimes,26-100,No,Yes,Don't know,No,Somewhat easy
29,Male,United States,No,No,No,Rarely,More than 1000,No,Yes,Yes,No,Very easy
30,Male,United States,Yes,No,Yes,Often,25-Jun,Yes,Yes,No,No,Somewhat difficult
35,Male,United States,No,No,No,Never,26-100,No,Yes,Yes,Yes,Don't know
38,male,Netherlands,No,Yes,No,Often,26-100,Yes,Yes,No,No,Don't know
22,Male,United Kingdom,No,Yes,Yes,Sometimes,100-500,No,Yes,Yes,No,Very easy
24,m,Germany,No,Yes,No,Sometimes,100-500,No,Yes,Don't know,No,Somewhat easy
22,M,Netherlands,Yes,No,No,Never,05-Jan,No,Yes,Don't know,No,Don't know
31,Female,United States,No,No,Yes,Often,26-100,Yes,Yes,Yes,No,Very easy
23,female,United States,No,Yes,Yes,Sometimes,More than 1000,No,Yes,Yes,Yes,Somewhat easy
31,Female,United States,No,Yes,Yes,Sometimes,100-500,No,Yes,Don't know,No,Don't know
28,Female,United States,No,Yes,Yes,Rarely,500-1000,No,Yes,Yes,Yes,Somewhat difficult
34,male,United States,Yes,Yes,Yes,Sometimes,25-Jun,No,Yes,No,No,Somewhat easy
32,male leaning androgynous,Canada,No,No,No,Sometimes,26-100,Yes,Yes,No,No,Very difficult
28,Male,United States,No,Yes,Yes,Sometimes,26-100,Yes,Yes,Yes,No,Don't know
24,Female,United Kingdom,No,No,Yes,Sometimes,100-500,No,Yes,No,No,Don't know
56,Male ,United States,No,Yes,Yes,Rarely,25-Jun,No,Yes,Yes,No,Don't know
31,Male,Germany,No,No,No,Sometimes,25-Jun,Yes,Yes,No,No,Very easy
34,female,United States,No,No,Yes,Sometimes,100-500,Yes,Yes,Yes,No,Somewhat easy
28,male,Germany,No,No,No,Never,26-100,No,Yes,No,No,Somewhat easy
36,male,Poland,Yes,Yes,Yes,Often,25-Jun,No,Yes,No,No,Somewhat easy
30,Male,United Kingdom,No,No,Yes,Often,26-100,No,Yes,No,No,Somewhat easy
35,Male,United States,Yes,No,No,NA,05-Jan,Yes,Yes,Yes,No,Very easy
49,male,Japan,Yes,Yes,Yes,Sometimes,05-Jan,Yes,Yes,No,Yes,Somewhat difficult
36,Male,Germany,No,No,No,NA,26-100,No,Yes,Yes,No,Very easy
35,male,Germany,No,No,No,NA,26-100,No,Yes,No,No,Very easy
57,Male,United States,No,No,No,Never,26-100,No,Yes,Yes,No,Somewhat difficult
37,Male,Ireland,Yes,No,No,Never,25-Jun,No,Yes,No,No,Don't know
25,Male,Ireland,No,Yes,Yes,Sometimes,26-100,No,Yes,No,No,Don't know
30,Male,Australia,No,No,No,Sometimes,26-100,No,Yes,No,No,Very easy
22,Female,Netherlands,No,No,No,Often,25-Jun,No,Yes,No,No,Don't know
29,Male,United Kingdom,No,Yes,Yes,Never,100-500,No,Yes,Don't know,Don't know,Don't know
54,male,United Kingdom,Yes,Yes,Yes,Sometimes,05-Jan,Yes,Yes,Don't know,No,Very easy
25,Male,Nigeria,No,No,No,NA,25-Jun,No,Yes,No,No,Don't know
29,male,Poland,No,No,No,Rarely,05-Jan,No,Yes,No,No,Somewhat difficult
32,male,Germany,Yes,No,No,Never,05-Jan,Yes,Yes,No,No,Don't know
30,M,United Kingdom,No,Yes,Yes,Sometimes,More than 1000,No,Yes,Yes,No,Don't know
31,male,Germany,No,No,No,NA,25-Jun,No,Yes,Don't know,No,Somewhat easy
20,F,Switzerland,No,No,No,Rarely,More than 1000,No,Yes,Yes,Yes,Somewhat easy
27,Male,United Kingdom,No,No,No,Never,05-Jan,No,Yes,Don't know,No,Don't know
32,Male,United States,No,No,No,Never,More than 1000,No,Yes,Don't know,Don't know,Don't know
26,Male,Ireland,Yes,No,No,Never,05-Jan,Yes,Yes,No,No,Somewhat difficult
30,Male,Ireland,No,No,Yes,Sometimes,26-100,Yes,Yes,No,Don't know,Very difficult
22,male,India,Yes,No,No,NA,05-Jan,Yes,Yes,Don't know,Don't know,Very easy
24,male,Ireland,No,No,No,NA,More than 1000,No,Yes,Don't know,Don't know,Don't know
26,m,Netherlands,No,No,No,Never,26-100,No,Yes,No,No,Don't know
43,male,France,No,No,No,NA,100-500,No,Yes,Don't know,No,Don't know
26,Male,Russia,No,No,No,Never,26-100,No,Yes,No,No,Somewhat difficult
23,Male,United States,No,Yes,No,Sometimes,25-Jun,No,Yes,Don't know,No,Don't know
26,Man,Canada,No,No,No,NA,100-500,Yes,Yes,Yes,Don't know,Somewhat easy
26,female,Israel,No,Yes,No,Never,100-500,No,Yes,Don't know,Don't know,Don't know
35,Male,Canada,No,Yes,No,Sometimes,26-100,No,Yes,Don't know,No,Don't know
22,Male,India,No,No,No,NA,26-100,No,Yes,No,No,Don't know
29,Female,United States,No,Yes,Yes,Rarely,25-Jun,No,Yes,Don't know,No,Don't know
29,Male,Germany,Yes,No,No,NA,05-Jan,No,Yes,No,No,Very easy
45,Male,United States,No,No,Yes,Often,05-Jan,Yes,Yes,Yes,No,Very easy
33,male,Bulgaria,No,No,Yes,Rarely,26-100,Yes,Yes,No,No,Somewhat easy
21,Female,United Kingdom,No,No,No,NA,25-Jun,No,Yes,No,No,Don't know
23,Female,India,No,Yes,Yes,Sometimes,More than 1000,No,Yes,Don't know,No,Don't know
33,female,United States,No,Yes,Yes,Rarely,More than 1000,No,Yes,Yes,Yes,Somewhat easy
49,Male,United States,No,Yes,Yes,Sometimes,100-500,No,Yes,Yes,Yes,Somewhat easy
28,Male,United States,No,No,No,NA,26-100,Yes,Yes,Don't know,No,Don't know
27,f,United Kingdom,No,No,Yes,Sometimes,25-Jun,Yes,Yes,Don't know,Yes,Very easy
23,male,Canada,No,No,Yes,Sometimes,25-Jun,No,Yes,Yes,No,Somewhat easy
29,M,Netherlands,No,No,No,Never,05-Jan,Yes,Yes,No,No,Somewhat easy
30,m,Germany,No,No,No,NA,26-100,No,Yes,Don't know,No,Somewhat easy
28,Female,Canada,No,No,No,NA,More than 1000,No,Yes,Yes,Don't know,Somewhat easy
32,Male,United Kingdom,No,No,No,NA,25-Jun,No,Yes,No,No,Don't know
37,Male,France,No,No,No,NA,100-500,No,Yes,No,No,Somewhat easy
31,male,France,No,No,No,NA,500-1000,No,Yes,Don't know,No,Don't know
29,Male,United States,No,No,No,NA,25-Jun,No,Yes,No,No,Somewhat difficult
33,M,United States,Yes,Yes,Yes,Rarely,05-Jan,Yes,Yes,No,Yes,Very difficult
37,male,United States,No,Yes,Yes,Sometimes,100-500,No,Yes,Yes,Don't know,Don't know
32,Male,United Kingdom,No,No,Yes,Rarely,100-500,No,Yes,Don't know,No,Don't know
26,Male,United States,No,No,No,Never,26-100,No,Yes,Don't know,No,Don't know
32,Male,United States,Yes,No,Yes,Sometimes,05-Jan,Yes,Yes,Don't know,Don't know,Very easy
37,F,United States,No,No,No,NA,26-100,Yes,Yes,Don't know,No,Don't know
29,Male,United States,No,No,Yes,Often,26-100,No,Yes,Yes,No,Very easy
34,Male,United Kingdom,No,No,No,NA,25-Jun,No,Yes,No,No,Somewhat easy
27,male,France,No,No,No,NA,25-Jun,No,Yes,Don't know,Don't know,Don't know
30,male,United States,No,Yes,No,Never,100-500,No,Yes,Don't know,No,Very easy
29,Male,United States,No,No,No,Never,25-Jun,No,Yes,Yes,No,Don't know
32,Male,United States,Yes,Yes,Yes,Sometimes,05-Jan,Yes,Yes,Yes,Don't know,Very difficult
25,Male,Germany,No,No,No,NA,500-1000,No,Yes,Yes,Don't know,Somewhat easy
37,male,United States,Yes,No,No,NA,25-Jun,Yes,Yes,Yes,Yes,Somewhat easy
29,Male,Netherlands,No,Yes,No,NA,25-Jun,No,Yes,No,No,Very easy
27,Man,United States,No,No,No,NA,26-100,No,Yes,Yes,No,Don't know
33,Male,United Kingdom,No,No,No,NA,25-Jun,No,Yes,Don't know,No,Don't know
29,male,Canada,No,No,No,NA,05-Jan,Yes,Yes,No,No,Somewhat difficult
25,Male,United States,No,Yes,Yes,Never,25-Jun,Yes,Yes,Don't know,Yes,Don't know
31,Male,South Africa,No,No,No,Never,100-500,Yes,Yes,No,No,Don't know
21,male,Germany,No,No,No,Rarely,25-Jun,Yes,Yes,Don't know,No,Very easy
30,Male,Switzerland,No,Yes,Yes,Sometimes,26-100,No,Yes,Don't know,No,Very difficult
43,Male,Croatia,Yes,No,Yes,Sometimes,05-Jan,Yes,Yes,No,No,Very difficult
37,m,United Kingdom,No,No,Yes,Often,25-Jun,No,Yes,No,No,Don't know
24,Male,France,No,No,No,NA,26-100,No,Yes,No,Yes,Don't know
29,Male,United States,No,No,No,NA,25-Jun,Yes,Yes,Don't know,No,Very easy
5,Male,United States,No,No,No,NA,100-500,No,Yes,Don't know,No,Somewhat easy
33,Male,United Kingdom,No,No,Yes,Sometimes,26-100,No,Yes,Don't know,No,Don't know
27,Male,United Kingdom,No,No,No,NA,25-Jun,No,Yes,No,No,Don't know
37,male,Australia,No,Yes,Yes,Sometimes,26-100,No,Yes,No,No,Very easy
32,male,Belgium,No,No,No,NA,25-Jun,No,Yes,No,No,Very difficult
39,Male,United Kingdom,No,No,Yes,Sometimes,100-500,No,Yes,No,No,Very easy
31,Male,United States,No,Yes,Yes,Sometimes,26-100,No,Yes,Yes,No,Somewhat easy
36,Male,United States,No,No,Yes,Sometimes,100-500,Yes,Yes,Yes,No,Very difficult
30,Male,United States,Yes,No,Yes,Sometimes,26-100,Yes,Yes,Don't know,Don't know,Don't know
28,male,Canada,No,No,No,NA,25-Jun,No,Yes,Yes,No,Very easy
32,Male,Italy,No,No,No,NA,25-Jun,No,Yes,No,No,Somewhat difficult
35,Male,United States,No,Yes,Yes,Rarely,25-Jun,No,Yes,Yes,Yes,Very easy
19,Male,Canada,No,No,Yes,Sometimes,26-100,No,Yes,Don't know,No,Somewhat difficult
33,m,Norway,No,Yes,No,NA,26-100,No,Yes,Yes,No,Very easy
42,male,Germany,No,No,No,NA,More than 1000,Yes,Yes,Don't know,Yes,Very easy
37,Male,United States,No,Yes,Yes,Sometimes,100-500,No,Yes,Don't know,Don't know,Don't know
40,Male,Thailand,Yes,No,No,Never,25-Jun,No,Yes,No,No,Very easy
36,M,United States,No,No,No,Never,More than 1000,No,Yes,Yes,Yes,Very easy
26,M,United States,No,Yes,Yes,Sometimes,More than 1000,No,Yes,Yes,Yes,Somewhat difficult
34,male,Germany,No,No,No,Rarely,26-100,No,Yes,No,No,Somewhat easy
31,Male,Canada,Yes,Yes,No,Sometimes,05-Jan,Yes,Yes,No,No,Somewhat easy
37,Male,Ireland,No,Yes,Yes,Sometimes,05-Jan,No,Yes,No,No,Very easy
38,Male,Ireland,No,Yes,Yes,Sometimes,05-Jan,No,Yes,No,No,Very difficult
27,Female,United States,No,No,Yes,Sometimes,100-500,No,Yes,Don't know,Yes,Somewhat easy
39,Male,Netherlands,Yes,No,No,NA,25-Jun,No,Yes,No,Yes,Somewhat easy
33,Female,United States,Yes,Yes,Yes,Sometimes,05-Jan,No,Yes,Yes,Yes,Somewhat easy
27,Male,United Kingdom,No,No,No,Never,26-100,No,Yes,Don't know,No,Somewhat easy
36,F,United States,No,No,Yes,Never,25-Jun,Yes,Yes,Yes,No,Don't know
28,Male,United Kingdom,No,No,No,Never,26-100,No,Yes,Don't know,No,Somewhat easy
33,Male,United States,Yes,Yes,Yes,Sometimes,05-Jan,Yes,Yes,No,No,Very easy
37,Male,United Kingdom,No,Yes,Yes,Rarely,25-Jun,No,Yes,No,No,Somewhat easy
43,msle,United States,No,No,No,Sometimes,25-Jun,Yes,Yes,Don't know,No,Don't know
27,Female,United States,No,No,No,NA,More than 1000,No,Yes,Don't know,No,Don't know
31,Female,United Kingdom,No,No,No,NA,25-Jun,No,Yes,Don't know,No,Don't know
43,Male,United Kingdom,No,No,Yes,Never,26-100,No,Yes,Don't know,No,Don't know
33,Male,United States,No,No,Yes,Sometimes,25-Jun,Yes,Yes,No,No,Somewhat difficult
34,male,United Kingdom,No,Yes,Yes,Sometimes,More than 1000,No,Yes,Don't know,Don't know,Very easy
33,M,United States,Yes,No,No,NA,05-Jan,No,Yes,Don't know,No,Don't know
25,Male,United States,No,No,No,NA,25-Jun,No,Yes,Don't know,No,Don't know
32,Male,United Kingdom,Yes,Yes,No,NA,05-Jan,No,Yes,No,No,Somewhat easy
25,Male,United States,No,Yes,Yes,Sometimes,26-100,No,Yes,Yes,Don't know,Don't know
39,m,Switzerland,No,No,Yes,Never,More than 1000,No,Yes,Yes,Yes,Somewhat easy
29,M,United Kingdom,No,No,No,Rarely,100-500,No,Yes,Don't know,No,Somewhat easy
33,Male,United States,No,No,Yes,Sometimes,More than 1000,No,Yes,Yes,Don't know,Don't know
37,female,United States,No,No,Yes,Often,25-Jun,Yes,Yes,Don't know,No,Somewhat difficult
22,Female,United States,No,Yes,Yes,Sometimes,More than 1000,No,Yes,Don't know,Don't know,Very difficult
38,Male,United States,No,No,No,Never,26-100,No,Yes,Yes,No,Somewhat easy
32,Female,United States,No,Yes,Yes,Often,100-500,No,Yes,Yes,No,Don't know
28,Male,Brazil,No,No,No,NA,26-100,No,Yes,Don't know,No,Don't know
27,Male,Switzerland,No,Yes,No,NA,26-100,No,Yes,No,No,Don't know
35,female,United States,No,No,Yes,Sometimes,100-500,Yes,Yes,Don't know,Don't know,Very easy
23,Male,United States,No,Yes,Yes,Sometimes,25-Jun,No,Yes,No,No,Very easy
39,M,United States,No,No,No,NA,26-100,Yes,Yes,Yes,No,Don't know
30,Female,United States,No,No,No,NA,More than 1000,No,Yes,Yes,Yes,Very easy
32,M,United Kingdom,No,No,No,NA,26-100,No,Yes,Don't know,No,Somewhat easy
28,Female (trans),United States,No,No,Yes,Sometimes,26-100,No,Yes,No,No,Somewhat difficult
36,f,United States,No,Yes,No,NA,25-Jun,No,Yes,Don't know,No,Don't know
27,Male,United States,No,No,No,NA,26-100,Yes,Yes,Don't know,No,Very easy
41,Male,United States,No,Yes,No,Sometimes,More than 1000,No,Yes,Yes,No,Don't know
29,Male,United Kingdom,No,No,No,Never,25-Jun,No,Yes,Don't know,No,Don't know
29,m,United Kingdom,No,No,Yes,Sometimes,100-500,No,Yes,No,No,Somewhat difficult
28,Male,United States,No,No,Yes,Never,25-Jun,Yes,Yes,No,No,Don't know
36,F,United Kingdom,Yes,No,No,Sometimes,05-Jan,Yes,Yes,Don't know,Don't know,Don't know
39,Female,United States,No,No,No,Sometimes,26-100,No,Yes,Don't know,No,Don't know
39,Male,United States,No,Yes,Yes,Sometimes,500-1000,No,Yes,Yes,Yes,Very difficult
44,male,United States,Yes,Yes,Yes,Sometimes,05-Jan,Yes,Yes,No,No,Very easy
26,queer,Germany,Yes,No,Yes,Sometimes,25-Jun,Yes,Yes,No,Yes,Very easy
35,Male,Denmark,Yes,Yes,Yes,Often,05-Jan,No,Yes,No,Yes,Somewhat easy
35,Male,Denmark,Yes,Yes,Yes,Often,05-Jan,No,Yes,No,Yes,Somewhat easy
38,M,United States,No,No,No,Never,More than 1000,Yes,Yes,No,No,Very difficult
34,Male,United States,No,No,No,NA,More than 1000,Yes,Yes,Don't know,Don't know,Don't know
43,M,United States,No,No,No,NA,More than 1000,No,Yes,Yes,Yes,Don't know
48,Female (cis),United States,No,Yes,No,Often,26-100,No,Yes,Don't know,No,Very difficult
20,Male,United States,No,No,No,Never,26-100,No,Yes,Don't know,Don't know,Don't know
40,M,United States,Yes,No,No,Sometimes,05-Jan,Yes,Yes,Don't know,No,Somewhat easy
29,female,United Kingdom,No,No,Yes,Rarely,25-Jun,No,Yes,Don't know,No,Don't know
40,M,United States,No,No,No,Never,100-500,No,Yes,Yes,No,Don't know
29,Male,Sweden,No,No,Yes,Rarely,25-Jun,No,Yes,No,No,Very easy
29,F,United States,No,Yes,Yes,Rarely,100-500,No,Yes,Yes,Don't know,Don't know
34,male,United States,No,No,Yes,Sometimes,05-Jan,No,Yes,No,No,Don't know
24,female,United States,No,Yes,Yes,Often,25-Jun,No,Yes,Yes,No,Very easy
47,F,United States,No,No,No,NA,100-500,Yes,Yes,Don't know,No,Very difficult
36,M,United States,No,No,No,Rarely,More than 1000,No,Yes,Yes,Yes,Somewhat difficult
36,male,United Kingdom,Yes,No,No,Sometimes,25-Jun,Yes,Yes,No,No,Somewhat difficult
31,Female,United States,No,Yes,Yes,Sometimes,100-500,No,Yes,Yes,No,Somewhat difficult
35,Male,United States,No,No,No,Sometimes,More than 1000,No,Yes,Don't know,Yes,Don't know
37,Male,Italy,No,No,No,Sometimes,26-100,No,Yes,Don't know,Don't know,Don't know
34,M,United States,No,No,Yes,Sometimes,100-500,No,Yes,Don't know,Yes,Don't know
36,Male,Netherlands,Yes,No,Yes,Sometimes,05-Jan,No,Yes,No,No,Very easy
40,m,United States,Yes,Yes,Yes,Sometimes,05-Jan,Yes,Yes,No,No,Very easy
40,M,United States,No,No,No,Rarely,More than 1000,No,Yes,Yes,Yes,Don't know
42,Male,United States,No,No,Yes,Sometimes,05-Jan,Yes,Yes,No,No,Somewhat easy
23,M,United States,No,Yes,No,NA,26-100,Yes,Yes,Yes,No,Don't know
26,Male,Canada,No,No,No,Sometimes,25-Jun,Yes,Yes,No,No,Very difficult
31,Male,United States,No,Yes,No,NA,25-Jun,No,Yes,Don't know,No,Don't know
25,M,United States,No,Yes,No,NA,More than 1000,No,Yes,Yes,Yes,Very easy
51,Male,United States,No,No,No,Never,More than 1000,Yes,Yes,Yes,Yes,Very easy
24,Male,United States,No,No,No,NA,25-Jun,No,Yes,Don't know,Don't know,Somewhat easy
33,Male,United States,No,No,No,NA,100-500,No,Yes,No,No,Don't know
26,Male,United Kingdom,Yes,No,Yes,Rarely,05-Jan,Yes,Yes,No,Don't know,Somewhat difficult
33,Male,United States,No,Yes,Yes,Often,25-Jun,Yes,Yes,No,No,Very difficult
34,male,United Kingdom,No,No,No,NA,25-Jun,Yes,Yes,No,No,Somewhat difficult
35,M,United States,No,Yes,Yes,Sometimes,25-Jun,No,Yes,Yes,No,Somewhat easy
39,M,United States,No,No,No,NA,05-Jan,Yes,Yes,No,No,Very difficult
32,male,Germany,Yes,No,No,Sometimes,05-Jan,Yes,Yes,No,No,Somewhat easy
43,Male,Mexico,Yes,No,No,NA,More than 1000,Yes,Yes,Don't know,No,Don't know
56,m,United States,No,No,Yes,Rarely,More than 1000,Yes,Yes,Yes,Don't know,Somewhat easy
32,Female,United Kingdom,No,Yes,Yes,Sometimes,100-500,No,Yes,Don't know,No,Somewhat difficult
39,Male,United States,No,No,No,NA,More than 1000,Yes,Yes,Don't know,Don't know,Don't know
30,m,United States,Yes,Yes,Yes,Sometimes,25-Jun,Yes,Yes,Don't know,No,Very difficult
31,Male,United States,No,No,No,NA,26-100,No,Yes,Yes,Yes,Somewhat easy
31,male,United States,No,No,Yes,Never,26-100,No,Yes,Yes,No,Very easy
29,Male,United States,No,Yes,Yes,Sometimes,26-100,No,Yes,Don't know,Don't know,Don't know
30,Mail,United States,No,No,No,Never,26-100,Yes,Yes,Yes,Don't know,Very easy
37,Male,United States,No,No,No,Never,500-1000,Yes,Yes,Yes,Yes,Don't know
36,male,United States,Yes,No,No,Never,05-Jan,No,Yes,Yes,No,Somewhat difficult
35,Male,United States,No,Yes,Yes,Sometimes,26-100,Yes,Yes,Yes,No,Don't know
31,Male,United Kingdom,No,No,Yes,Rarely,25-Jun,No,Yes,Don't know,No,Don't know
26,Male,India,Yes,No,No,NA,100-500,No,Yes,No,No,Very easy
39,Male,United States,No,Yes,No,Sometimes,More than 1000,No,Yes,Yes,Yes,Don't know
32,Male,United States,Yes,Yes,Yes,Rarely,05-Jan,Yes,Yes,No,No,Very difficult
29,m,United States,No,Yes,No,NA,100-500,No,Yes,Don't know,Don't know,Don't know
30,Male,United States,No,Yes,No,Never,100-500,No,Yes,Yes,Don't know,Very difficult
40,M,United States,No,Yes,Yes,Often,500-1000,Yes,Yes,Don't know,No,Don't know
33,Male,United States,No,No,No,Never,More than 1000,No,Yes,Yes,Yes,Somewhat easy
34,male,Germany,Yes,No,Yes,Sometimes,05-Jan,Yes,Yes,No,No,Somewhat difficult
50,Male,United States,Yes,No,No,Never,05-Jan,Yes,Yes,No,No,Somewhat easy
24,Male,United States,No,No,No,Sometimes,26-100,Yes,Yes,Don't know,No,Somewhat easy
43,Male,United Kingdom,No,Yes,Yes,Rarely,26-100,No,Yes,No,No,Very difficult
25,f,United States,Yes,No,Yes,Often,05-Jan,No,Yes,Yes,Yes,Very easy
24,Male,United Kingdom,Yes,No,No,NA,05-Jan,Yes,Yes,No,No,Very easy
51,m,United States,Yes,No,No,Never,05-Jan,No,Yes,No,No,Somewhat difficult
49,Male,United States,No,Yes,Yes,Sometimes,More than 1000,No,Yes,Yes,No,Somewhat difficult
30,Male,United States,No,No,No,NA,More than 1000,Yes,Yes,Yes,Yes,Don't know
25,female,United States,No,Yes,Yes,Sometimes,More than 1000,No,Yes,Yes,Yes,Don't know
36,Male,United States,No,No,Yes,Rarely,500-1000,Yes,Yes,Yes,Don't know,Don't know
48,Male,United States,No,No,Yes,Never,More than 1000,No,Yes,Yes,Yes,Don't know
48,male,Australia,No,No,Yes,Sometimes,25-Jun,No,Yes,No,No,Somewhat easy
53,Male,United States,No,No,Yes,Rarely,25-Jun,Yes,Yes,Yes,No,Don't know
24,Female,United Kingdom,No,Yes,Yes,Often,25-Jun,Yes,Yes,No,No,Very easy
33,Male,United States,No,Yes,Yes,Sometimes,26-100,No,Yes,Don't know,No,Somewhat easy
25,Female,Canada,No,Yes,Yes,Sometimes,25-Jun,No,Yes,Yes,No,Somewhat easy
30,Male,United Kingdom,No,No,Yes,Sometimes,26-100,No,Yes,No,No,Somewhat difficult
30,Male,United States,Yes,No,No,Never,05-Jan,Yes,Yes,No,No,Somewhat easy
34,male,United Kingdom,Yes,No,Yes,Sometimes,05-Jan,Yes,Yes,No,No,Somewhat difficult
31,Male,United States,No,No,No,NA,More than 1000,Yes,Yes,Yes,Yes,Very easy
22,F,United States,No,Yes,Yes,Often,More than 1000,No,Yes,Don't know,No,Don't know
28,Male,United States,No,Yes,No,Sometimes,25-Jun,No,Yes,Don't know,No,Somewhat easy
33,Male,United States,No,Yes,No,NA,500-1000,No,Yes,Yes,Don't know,Very easy
29,male,United States,No,No,No,Sometimes,More than 1000,No,Yes,Yes,Yes,Don't know
29,Male,United States,No,No,No,NA,26-100,No,Yes,Yes,Yes,Somewhat easy
25,Male,United States,No,No,No,NA,100-500,Yes,Yes,Yes,No,Don't know
31,Male,United States,No,Yes,No,Never,100-500,No,Yes,Don't know,Don't know,Very easy
34,male,United States,No,No,No,Often,05-Jan,No,Yes,Don't know,No,Very easy
43,Cis Male,United States,No,No,Yes,Sometimes,100-500,Yes,Yes,Yes,No,Very difficult
38,Male,United States,No,Yes,Yes,Sometimes,100-500,No,Yes,No,No,Very difficult
26,Male,United States,No,Yes,Yes,Sometimes,More than 1000,No,Yes,Don't know,No,Very difficult
42,Male,United States,No,No,Yes,Often,25-Jun,No,Yes,Don't know,No,Don't know
33,Male,Netherlands,No,Yes,Yes,NA,25-Jun,No,Yes,Don't know,No,Don't know
32,Male,United States,No,No,Yes,Rarely,More than 1000,No,Yes,Yes,Yes,Somewhat easy
44,male,United States,No,Yes,Yes,Sometimes,25-Jun,Yes,Yes,Yes,Yes,Somewhat difficult
28,Male,United States,No,Yes,Yes,Rarely,More than 1000,No,Yes,Yes,Don't know,Don't know
40,Male,United States,No,Yes,Yes,Sometimes,More than 1000,Yes,Yes,Yes,Yes,Very difficult
31,F,United States,No,Yes,Yes,Sometimes,500-1000,No,Yes,Yes,No,Somewhat easy
32,male,United States,No,Yes,No,Sometimes,100-500,No,Yes,Yes,Yes,Don't know
28,Male,United States,No,Yes,Yes,Sometimes,More than 1000,No,Yes,Don't know,Don't know,Somewhat easy
39,Male,United States,No,Yes,Yes,Often,26-100,No,Yes,Yes,No,Don't know
43,Male,United States,No,No,Yes,Rarely,More than 1000,No,Yes,Yes,Yes,Somewhat easy
35,Male,United States,No,No,Yes,Sometimes,More than 1000,No,Yes,Yes,Don't know,Very difficult
40,Male,United States,No,Yes,Yes,Sometimes,25-Jun,No,Yes,Yes,Don't know,Very easy
34,Male,Netherlands,No,No,Yes,Rarely,26-100,No,Yes,No,No,Very easy
61,male,South Africa,Yes,No,Yes,Sometimes,05-Jan,Yes,Yes,No,No,Very difficult
36,Female ,United States,No,Yes,Yes,Rarely,25-Jun,No,Yes,Don't know,No,Don't know
38,Male,United States,No,No,No,NA,25-Jun,No,Yes,No,No,Don't know
33,male,Germany,No,Yes,Yes,Often,26-100,No,Yes,Don't know,Yes,Somewhat easy
34,male,Netherlands,Yes,Yes,Yes,Rarely,05-Jan,Yes,Yes,Yes,Yes,Very easy
26,Male,United States,No,No,Yes,Rarely,More than 1000,No,Yes,Yes,Don't know,Don't know
33,M,United Kingdom,No,No,No,NA,More than 1000,No,Yes,Don't know,Don't know,Don't know
32,Male,United Kingdom,No,No,No,NA,25-Jun,No,Yes,Don't know,No,Very easy
25,male,Germany,Yes,No,No,Sometimes,25-Jun,Yes,Yes,No,No,Somewhat easy
24,M,United Kingdom,Yes,Yes,No,Often,05-Jan,Yes,Yes,Don't know,No,Don't know
33,Male,United Kingdom,Yes,Yes,Yes,Sometimes,05-Jan,Yes,Yes,No,No,Very difficult
26,Female,United Kingdom,Yes,Yes,Yes,Sometimes,05-Jan,Yes,Yes,No,No,Very easy
25,Male,United Kingdom,No,No,No,Never,25-Jun,Yes,Yes,Don't know,Don't know,Very easy
33,female,United Kingdom,Yes,No,Yes,Sometimes,05-Jan,Yes,Yes,No,Yes,Very easy
43,Male,United States,No,No,No,Sometimes,More than 1000,Yes,Yes,No,No,Very difficult
30,Male,United Kingdom,Yes,No,Yes,Sometimes,25-Jun,No,Yes,No,No,Very difficult
40,Male,United States,No,Yes,Yes,Rarely,25-Jun,No,Yes,Don't know,No,Don't know
49,Male,United States,No,Yes,No,Never,More than 1000,No,Yes,Yes,Yes,Don't know
29,Male,Germany,No,No,No,NA,25-Jun,No,Yes,Don't know,No,Somewhat easy
26,male,Germany,No,No,No,NA,500-1000,No,Yes,Don't know,Don't know,Don't know
38,cis male,United States,No,No,No,Never,More than 1000,No,Yes,Yes,Yes,Somewhat easy
26,male,Belgium,No,No,No,Never,25-Jun,No,Yes,Yes,No,Somewhat easy
28,Male,United Kingdom,No,Yes,Yes,Often,26-100,No,Yes,No,No,Somewhat easy
40,Male,United States,No,Yes,Yes,Sometimes,05-Jan,Yes,Yes,No,No,Don't know
37,Female,Canada,Yes,Yes,Yes,Rarely,05-Jan,Yes,Yes,No,No,Somewhat easy
28,male,United States,No,Yes,Yes,Often,100-500,No,Yes,Don't know,No,Don't know
27,Male,Canada,No,No,No,Never,26-100,No,Yes,Yes,Yes,Very easy
29,Male,United Kingdom,No,No,Yes,Sometimes,25-Jun,Yes,Yes,No,No,Very easy
39,Female,United Kingdom,No,Yes,No,Rarely,500-1000,Yes,Yes,Don't know,No,Somewhat difficult
28,male,United Kingdom,No,No,No,Often,25-Jun,No,Yes,No,No,Somewhat difficult
23,Male,United States,No,Yes,No,Sometimes,26-100,No,Yes,Yes,Yes,Somewhat easy
8,A little about you,"Bahamas, The",Yes,Yes,Yes,Often,05-Jan,Yes,Yes,Yes,Yes,Very easy
38,Male,United Kingdom,No,No,No,NA,05-Jan,Yes,Yes,No,No,Somewhat easy
19,Male,United Kingdom,No,No,No,NA,25-Jun,No,Yes,Yes,No,Very easy
30,Female,United States,No,Yes,Yes,Sometimes,26-100,No,Yes,Yes,Yes,Very easy
28,male,United Kingdom,Yes,No,No,NA,05-Jan,Yes,Yes,No,No,Very easy
20,Male,India,No,No,Yes,Sometimes,26-100,No,Yes,Don't know,No,Don't know
35,Male,United Kingdom,Yes,No,No,Sometimes,05-Jan,No,Yes,Don't know,No,Somewhat easy
39,male,United States,No,No,Yes,Rarely,100-500,Yes,Yes,Yes,No,Very easy
32,Male,United Kingdom,No,No,No,Rarely,500-1000,No,Yes,No,No,Don't know
27,Male,Sweden,No,No,No,NA,25-Jun,No,Yes,No,No,Don't know
25,Male,United States,No,Yes,Yes,Often,25-Jun,Yes,Yes,Yes,No,Somewhat easy
42,male,United States,No,Yes,Yes,Sometimes,25-Jun,Yes,Yes,Don't know,No,Don't know
34,male,United States,No,Yes,Yes,Often,100-500,No,Yes,Yes,No,Very easy
26,female,United States,No,No,Yes,Sometimes,26-100,Yes,Yes,Don't know,No,Don't know
35,Male,United Kingdom,No,Yes,Yes,Sometimes,05-Jan,No,Yes,No,No,Very easy
34,Male,United Kingdom,No,No,No,Never,500-1000,No,Yes,Don't know,No,Very easy
34,M,United States,No,No,No,Sometimes,100-500,No,Yes,Don't know,No,Don't know
39,M,United States,No,Yes,Yes,Sometimes,25-Jun,Yes,Yes,No,No,Somewhat easy
44,F,United States,No,No,No,NA,100-500,No,Yes,Don't know,No,Don't know
33,female,United States,Yes,No,No,Never,05-Jan,Yes,Yes,No,Don't know,Somewhat easy
38,Female,United States,No,Yes,No,Sometimes,26-100,Yes,Yes,Don't know,Don't know,Don't know
31,male,United States,No,No,No,Sometimes,More than 1000,No,Yes,Yes,Yes,Don't know
23,Male,Israel,No,No,No,NA,100-500,No,Yes,Don't know,No,Very easy
26,F,United States,No,No,No,NA,25-Jun,No,Yes,Don't know,No,Somewhat easy
30,Male,United States,No,Yes,Yes,Sometimes,26-100,Yes,Yes,Yes,No,Don't know
25,Male,United States,No,No,No,Rarely,26-100,Yes,Yes,Don't know,No,Somewhat easy
19,M,Canada,No,No,No,Never,26-100,Yes,Yes,Don't know,No,Somewhat easy
32,m,United States,No,No,No,Never,25-Jun,No,Yes,Yes,Yes,Somewhat easy
32,Male,United Kingdom,No,No,No,NA,25-Jun,No,Yes,No,No,Don't know
37,Male,United States,No,Yes,No,Sometimes,26-100,Yes,Yes,Don't know,No,Somewhat easy
42,M,United States,No,Yes,Yes,Sometimes,25-Jun,Yes,Yes,Don't know,No,Don't know
25,female,United States,No,No,No,Never,More than 1000,No,Yes,Yes,Yes,Don't know
19,Male,United States,No,No,No,Sometimes,05-Jan,No,Yes,Don't know,No,Don't know
40,female,United States,No,Yes,No,Never,100-500,Yes,Yes,Yes,Yes,Don't know
26,Male,United States,No,Yes,No,NA,25-Jun,No,Yes,Don't know,No,Don't know
31,Male,United States,No,Yes,Yes,Rarely,25-Jun,No,Yes,Don't know,Don't know,Don't know
31,Female,United States,No,Yes,Yes,Often,26-100,No,Yes,No,No,Very difficult
35,Male,Canada,No,Yes,No,Sometimes,25-Jun,Yes,Yes,No,No,Don't know
26,male,Australia,No,Yes,Yes,Sometimes,26-100,Yes,Yes,No,No,Don't know
34,Female,United States,No,No,No,Sometimes,05-Jan,No,Yes,No,No,Very easy
35,Male,United States,No,No,No,NA,25-Jun,Yes,Yes,No,No,Don't know
28,female,United States,No,Yes,Yes,Sometimes,26-100,Yes,Yes,Don't know,No,Somewhat easy
33,Male,United States,No,No,No,NA,25-Jun,Yes,Yes,Yes,Don't know,Don't know
40,M,United States,No,Yes,Yes,Sometimes,More than 1000,Yes,Yes,Yes,No,Don't know
26,Male,United States,No,No,Yes,Sometimes,25-Jun,No,Yes,Yes,No,Don't know
26,Female,Canada,No,Yes,Yes,Sometimes,100-500,No,Yes,Yes,No,Don't know
33,Malr,Italy,No,Yes,Yes,Sometimes,25-Jun,No,Yes,No,No,Somewhat easy
28,Male,Brazil,No,Yes,No,Sometimes,100-500,No,Yes,No,No,Somewhat easy
39,Male,United Kingdom,Yes,Yes,Yes,Sometimes,05-Jan,Yes,Yes,No,Yes,Somewhat difficult
26,female,United States,No,Yes,Yes,Sometimes,More than 1000,No,Yes,Yes,No,Don't know
35,Male,Switzerland,No,Yes,Yes,Often,More than 1000,No,Yes,Don't know,No,Very easy
36,Male,United States,No,No,No,Never,05-Jan,Yes,Yes,Don't know,Don't know,Very easy
39,Male,United States,No,Yes,Yes,Sometimes,500-1000,No,Yes,Yes,No,Very easy
27,Male,United States,No,No,No,Never,25-Jun,No,Yes,Don't know,No,Don't know
33,male,United States,Yes,No,No,Never,25-Jun,Yes,Yes,Don't know,No,Very easy
31,Male ,Canada,No,Yes,Yes,Often,More than 1000,No,Yes,Yes,Don't know,Don't know
28,Female,United States,No,No,Yes,Rarely,25-Jun,No,Yes,Yes,Don't know,Very easy
27,Male,United States,No,No,Yes,Sometimes,100-500,No,Yes,Don't know,No,Very difficult
44,M,United States,Yes,No,No,Never,05-Jan,Yes,Yes,Don't know,No,Somewhat difficult
25,Male,United States,No,No,Yes,Often,25-Jun,Yes,Yes,Don't know,No,Somewhat easy
24,male,Germany,No,Yes,Yes,Sometimes,25-Jun,No,Yes,No,No,Somewhat easy
34,M,United States,No,No,No,Never,25-Jun,Yes,Yes,Yes,Don't know,Somewhat easy
34,Male,Greece,No,No,No,NA,26-100,Yes,Yes,No,No,Very difficult
39,Female,United States,No,No,Yes,Sometimes,25-Jun,Yes,Yes,No,No,Don't know
43,Male,United States,No,No,No,Sometimes,More than 1000,Yes,Yes,Yes,No,Don't know
41,M,United States,No,No,No,Rarely,More than 1000,No,Yes,Yes,Yes,Don't know
31,m,United States,No,No,Yes,Sometimes,100-500,No,Yes,Yes,No,Somewhat easy
40,Male,United States,No,Yes,Yes,Sometimes,More than 1000,No,Yes,Yes,Yes,Don't know
43,Male,United States,Yes,Yes,Yes,Sometimes,05-Jan,Yes,Yes,Yes,No,Don't know
27,Female,United States,No,Yes,Yes,Often,More than 1000,No,Yes,Yes,Yes,Very difficult
37,female,United States,No,Yes,Yes,Sometimes,26-100,Yes,Yes,Yes,No,Don't know
32,male,Netherlands,Yes,No,Yes,Sometimes,05-Jan,No,Yes,No,No,Very difficult
25,Male,United States,No,Yes,Yes,Often,05-Jan,No,Yes,No,No,Very easy
29,Male,Netherlands,No,Yes,Yes,Often,05-Jan,No,Yes,Don't know,Don't know,Very difficult
37,male,Germany,No,No,No,NA,25-Jun,No,Yes,Don't know,No,Very easy
41,male,Germany,No,No,Yes,Sometimes,More than 1000,No,Yes,Don't know,No,Somewhat difficult
32,Male,United States,No,No,Yes,Sometimes,26-100,No,Yes,Yes,Yes,Don't know
28,Female,United States,No,Yes,Yes,Sometimes,100-500,No,Yes,Yes,Don't know,Don't know
11,male,United States,Yes,No,No,Never,05-Jan,Yes,Yes,No,No,Very easy
32,Male,United States,No,Yes,Yes,Often,100-500,No,Yes,No,No,Very difficult
25,M,United States,No,No,Yes,Sometimes,More than 1000,No,Yes,Yes,Yes,Don't know
37,Male,United States,No,No,Yes,Sometimes,100-500,No,Yes,Yes,No,Very easy
24,Male,United States,No,Yes,Yes,Rarely,25-Jun,Yes,Yes,Don't know,No,Very easy
40,male,United States,No,Yes,Yes,Sometimes,More than 1000,No,Yes,Yes,Yes,Somewhat difficult
43,Male,United States,No,No,No,Never,500-1000,No,Yes,Don't know,No,Don't know
29,Male,United States,No,No,No,NA,25-Jun,Yes,Yes,Yes,No,Don't know
26,Male,United States,No,Yes,No,Sometimes,100-500,No,Yes,Don't know,No,Don't know
33,Female,Canada,Yes,Yes,Yes,Often,05-Jan,Yes,Yes,No,No,Very difficult
35,Female,United States,No,Yes,No,Sometimes,25-Jun,Yes,Yes,Don't know,No,Somewhat easy
45,M,United States,No,No,No,Never,25-Jun,Yes,Yes,Yes,No,Don't know
25,Male,United States,No,No,Yes,Rarely,25-Jun,Yes,Yes,No,No,Somewhat easy
50,male,France,Yes,No,Yes,Sometimes,26-100,Yes,Yes,No,No,Don't know
26,male,Australia,No,Yes,Yes,Rarely,26-100,No,Yes,No,Don't know,Very easy
33,female,United States,No,No,Yes,Often,More than 1000,No,Yes,Yes,Don't know,Don't know
30,Male,India,No,No,No,Often,25-Jun,No,Yes,No,No,Very easy
33,male,Croatia,No,Yes,Yes,Sometimes,25-Jun,Yes,Yes,Yes,No,Very easy
29,M,France,No,No,Yes,Often,25-Jun,No,Yes,Yes,No,Somewhat easy
37,male,Germany,No,No,No,NA,25-Jun,Yes,Yes,No,No,Don't know
25,Male,United States,No,Yes,Yes,Sometimes,05-Jan,Yes,Yes,Don't know,Don't know,Very easy
24,Male,Canada,No,No,No,Sometimes,26-100,No,Yes,Yes,No,Don't know
40,Male,United Kingdom,No,No,Yes,Never,100-500,No,Yes,Don't know,No,Very easy
46,Male,United States,No,Yes,Yes,Sometimes,25-Jun,No,Yes,Don't know,No,Don't know
34,Male,United States,No,No,No,Never,05-Jan,Yes,Yes,No,No,Don't know
32,Male,United Kingdom,Yes,No,Yes,Rarely,05-Jan,No,Yes,No,Yes,Very easy
33,Female,United Kingdom,No,No,Yes,Never,100-500,No,Yes,Don't know,No,Very easy
35,Male,United States,No,No,No,NA,25-Jun,No,Yes,Don't know,Don't know,Don't know
26,Male,Germany,Yes,Yes,Yes,Often,05-Jan,No,Yes,No,No,Don't know
20,female,United States,No,No,Yes,Sometimes,26-100,Yes,Yes,Don't know,Don't know,Don't know
-1,p,United States,Yes,Yes,Yes,Often,05-Jan,Yes,Yes,Yes,Yes,Very easy
37,Male,Netherlands,No,Yes,No,Sometimes,25-Jun,No,Yes,No,No,Somewhat easy
32,male,United Kingdom,No,No,No,NA,26-100,No,Yes,No,No,Don't know
36,F,United States,No,Yes,Yes,Rarely,More than 1000,Yes,Yes,Yes,No,Somewhat easy
27,M,New Zealand,No,No,No,Rarely,26-100,No,Yes,No,No,Somewhat difficult
27,M,New Zealand,No,No,No,Rarely,26-100,No,Yes,No,No,Somewhat difficult
25,Male,United Kingdom,No,Yes,Yes,Sometimes,26-100,Yes,Yes,No,No,Very easy
41,M,United Kingdom,No,Yes,No,NA,25-Jun,No,Yes,No,No,Somewhat difficult
23,Male,Germany,No,Yes,Yes,Sometimes,25-Jun,No,Yes,Don't know,No,Somewhat easy
26,Male,Moldova,No,No,Yes,Often,26-100,No,Yes,No,No,Very difficult
29,Male,Sweden,No,No,No,Rarely,More than 1000,No,Yes,Don't know,Don't know,Don't know
26,F,United States,No,Yes,No,Sometimes,26-100,Yes,Yes,Don't know,No,Don't know
38,Male,United Kingdom,No,Yes,Yes,Sometimes,05-Jan,No,Yes,No,Don't know,Very easy
32,male,United States,No,No,No,Rarely,25-Jun,No,Yes,Yes,No,Don't know
32,Male,United States,No,No,Yes,Sometimes,More than 1000,No,Yes,Yes,Yes,Somewhat difficult
26,Male,United Kingdom,No,No,No,Never,25-Jun,No,Yes,No,No,Don't know
38,Male,Canada,No,Yes,Yes,Rarely,100-500,No,Yes,Don't know,No,Don't know
32,male,Canada,Yes,No,No,Never,25-Jun,Yes,Yes,Don't know,No,Very easy
37,Male,Netherlands,Yes,No,No,Never,05-Jan,Yes,Yes,Don't know,Don't know,Very easy
31,male,United Kingdom,No,Yes,Yes,Never,25-Jun,No,Yes,Don't know,No,Somewhat easy
30,m,United States,No,Yes,Yes,Rarely,25-Jun,No,Yes,No,No,Don't know
51,M,Singapore,No,No,No,Never,More than 1000,Yes,Yes,Don't know,No,Don't know
29,M,United States,No,No,Yes,Sometimes,26-100,No,Yes,Yes,No,Don't know
31,Male,United Kingdom,No,No,No,Never,100-500,No,Yes,Yes,No,Don't know
31,Male,India,No,No,No,NA,26-100,No,Yes,Don't know,No,Don't know
26,Male,United States,No,Yes,Yes,Sometimes,25-Jun,Yes,Yes,Don't know,No,Somewhat easy
32,Male,United States,No,Yes,No,Sometimes,More than 1000,No,Yes,Yes,Yes,Don't know
34,male,Poland,No,No,No,Never,More than 1000,Yes,Yes,Don't know,No,Don't know
26,Male,Colombia,No,No,No,Often,25-Jun,No,Yes,No,No,Very difficult
32,Female,United States,No,No,Yes,Sometimes,More than 1000,No,Yes,Yes,No,Don't know
29,Male,United States,No,No,No,NA,More than 1000,No,Yes,Don't know,No,Don't know
40,F,United States,No,Yes,Yes,Sometimes,26-100,No,Yes,Yes,No,Somewhat easy
23,Male,United Kingdom,No,No,Yes,Sometimes,05-Jan,No,Yes,No,No,Very difficult
38,male,United States,No,Yes,No,NA,25-Jun,No,Yes,Don't know,No,Somewhat difficult
26,Female,United States,No,Yes,Yes,Rarely,100-500,No,Yes,Yes,No,Don't know
29,Male,United States,No,No,No,Never,26-100,No,Yes,No,No,Don't know
40,m,China,Yes,No,No,Sometimes,05-Jan,Yes,Yes,No,No,Somewhat easy
25,female,Bulgaria,No,No,Yes,Sometimes,26-100,Yes,Yes,No,No,Don't know
32,Woman,United States,No,No,Yes,Sometimes,26-100,No,Yes,Yes,No,Don't know
35,female,United States,No,Yes,Yes,Sometimes,05-Jan,Yes,Yes,No,No,Don't know
28,F,United States,No,No,Yes,Often,25-Jun,No,Yes,No,No,Very difficult
56,female,United States,Yes,No,No,Rarely,05-Jan,Yes,Yes,Don't know,Don't know,Don't know
38,Male,United States,No,Yes,Yes,Sometimes,26-100,Yes,Yes,Yes,No,Don't know
31,Female,Belgium,No,No,No,NA,26-100,No,Yes,Don't know,No,Very easy
40,Male,United States,No,Yes,Yes,Sometimes,25-Jun,No,Yes,Yes,No,Don't know
44,M,United States,No,Yes,Yes,Sometimes,100-500,No,Yes,Yes,No,Don't know
34,Male,Canada,No,Yes,No,Sometimes,More than 1000,No,Yes,Yes,Yes,Don't know
37,Male,United Kingdom,No,No,No,Never,26-100,Yes,Yes,Don't know,No,Somewhat easy
38,male,Italy,No,No,No,Never,26-100,No,Yes,Don't know,Don't know,Don't know
27,male,Germany,No,No,No,NA,26-100,No,Yes,Don't know,No,Don't know
35,Female,Ireland,No,No,No,Rarely,05-Jan,No,Yes,Don't know,No,Don't know
34,male,Ireland,No,No,Yes,Often,25-Jun,No,Yes,No,No,Somewhat difficult
32,Male,United States,No,No,Yes,Often,26-100,Yes,Yes,Yes,No,Very difficult
25,male,Ireland,No,No,No,NA,100-500,No,Yes,Don't know,No,Don't know
28,Male,Australia,No,No,Yes,Often,100-500,Yes,Yes,No,No,Don't know
28,Female,United States,No,No,Yes,Rarely,25-Jun,No,Yes,Yes,No,Somewhat easy
31,Male,Brazil,Yes,No,Yes,NA,05-Jan,No,Yes,No,No,Don't know
24,Male,United Kingdom,No,No,No,NA,100-500,No,Yes,Don't know,No,Somewhat easy
34,Male,Ireland,No,Yes,Yes,Never,05-Jan,Yes,Yes,No,No,Don't know
32,male,Ireland,No,No,Yes,Sometimes,25-Jun,No,Yes,No,No,Somewhat easy
23,Male,United States,No,No,Yes,Sometimes,05-Jan,No,Yes,No,No,Very easy
33,Male,Czech Republic,No,Yes,No,Often,100-500,No,Yes,No,No,Somewhat easy
29,male,Singapore,No,Yes,Yes,Sometimes,26-100,No,Yes,Don't know,No,Somewhat difficult
24,male,Ireland,No,Yes,No,NA,05-Jan,No,Yes,No,No,Don't know
45,male,Ireland,No,No,No,Never,More than 1000,Yes,Yes,Don't know,No,Don't know
31,Male,Philippines,No,No,No,Sometimes,More than 1000,No,Yes,Don't know,No,Very difficult
33,Male,United States,No,No,Yes,Often,26-100,Yes,Yes,Yes,No,Don't know
28,male,Netherlands,No,No,No,NA,25-Jun,No,Yes,No,No,Somewhat easy
42,male,Ireland,No,No,No,Never,26-100,No,Yes,No,No,Somewhat difficult
28,male,Netherlands,No,No,No,NA,25-Jun,No,Yes,No,No,Somewhat easy
38,Male,United States,No,No,Yes,Sometimes,More than 1000,Yes,Yes,Yes,Yes,Very easy
46,Male,United States,No,Yes,Yes,Often,26-100,No,Yes,Don't know,No,Don't know
46,male,United States,No,Yes,Yes,Sometimes,100-500,Yes,Yes,Don't know,Don't know,Don't know
41,female,Netherlands,Yes,No,Yes,Rarely,05-Jan,Yes,Yes,Don't know,Don't know,Somewhat easy
23,Male ,United Kingdom,No,No,No,Never,26-100,No,Yes,Don't know,No,Somewhat easy
24,male,Ireland,No,Yes,Yes,Sometimes,More than 1000,No,Yes,Yes,No,Somewhat easy
23,female,Ireland,No,No,Yes,Rarely,26-100,No,Yes,No,Yes,Don't know
32,Female,Ireland,No,Yes,No,Never,More than 1000,No,Yes,Yes,Don't know,Don't know
25,Male,United States,No,Yes,Yes,Sometimes,26-100,No,Yes,Don't know,No,Somewhat easy
39,Male,Greece,No,No,No,NA,25-Jun,Yes,Yes,No,No,Don't know
23,Female,United Kingdom,No,Yes,Yes,Sometimes,25-Jun,No,Yes,No,No,Very easy
24,Cis Man,United Kingdom,Yes,No,Yes,Sometimes,25-Jun,Yes,Yes,No,No,Don't know
23,Male,United Kingdom,No,No,Yes,Rarely,25-Jun,No,Yes,No,No,Don't know
23,Male,Canada,No,No,Yes,Often,26-100,No,Yes,Yes,Yes,Don't know
60,Male,United States,No,No,Yes,Often,More than 1000,Yes,Yes,Don't know,Yes,Somewhat easy
28,male,Ireland,No,No,No,Sometimes,26-100,No,Yes,No,No,Don't know
30,male,Netherlands,No,No,No,Sometimes,500-1000,No,Yes,Don't know,No,Don't know
31,male,Germany,No,Yes,Yes,Sometimes,100-500,No,Yes,Don't know,No,Somewhat easy
31,Male,Poland,Yes,No,Yes,Often,25-Jun,Yes,Yes,No,No,Somewhat easy
28,Male,Ireland,No,No,Yes,Rarely,26-100,No,Yes,Don't know,No,Don't know
43,f,United States,No,Yes,Yes,Rarely,More than 1000,Yes,Yes,Yes,No,Don't know
32,Male,United States,No,No,No,Never,100-500,No,Yes,Yes,Don't know,Somewhat easy
36,male,Finland,No,No,Yes,Often,25-Jun,No,Yes,No,No,Very difficult
41,Female,United States,No,Yes,Yes,Sometimes,26-100,No,Yes,Yes,No,Don't know
30,M,United States,No,Yes,Yes,Sometimes,26-100,No,Yes,Yes,Don't know,Very easy
30,Male,United States,Yes,Yes,Yes,Often,26-100,No,Yes,Yes,Yes,Don't know
29,male,United States,No,Yes,Yes,Sometimes,100-500,Yes,Yes,Yes,Yes,Don't know
26,male,United Kingdom,No,No,Yes,NA,26-100,No,Yes,No,No,Somewhat easy
32,Male,United States,No,Yes,Yes,Often,26-100,Yes,Yes,Yes,No,Somewhat difficult
34,male,United States,No,Yes,Yes,Sometimes,More than 1000,No,Yes,Yes,No,Somewhat difficult
46,f,United States,No,No,No,NA,100-500,Yes,Yes,No,No,Don't know
,,,,,,,,,,,,
,,,,,,,,,,,,
,,,,,,,,,,,,
,,,,,,,,,,,,
,,,,,,,,,,,,
,,,,,,,,,,,,
,,,,,,,,,,,,
,,,,,,,,,,,,
,,,,,,,,,,,,
,,,,,,,,,,,,
,,,,,,,,,,,,
,,,,,,,,,,,,
,,,,,,,,,,,,
,,,,,,,,,,,,
,,,,,,,,,,,,
,,,,,,,,,,,,
,,,,,,,,,,,,
,,,,,,,,,,,,
,,,,,,,,,,,,
,,,,,,,,,,,,
,,,,,,,,,,,,
,,,,,,,,,,,,
,,,,,,,,,,,,
,,,,,,,,,,,,
,,,,,,,,,,,,
,,,,,,,,,,,,
,,,,,,,,,,,,
,,,,,,,,,,,,
,,,,,,,,,,,,
,,,,,,,,,,,,
,,,,,,,,,,,,
,,,,,,,,,,,,
,,,,,,,,,,,,
,,,,,,,,,,,,
,,,,,,,,,,,,
,,,,,,,,,,,,
,,,,,,,,,,,,
,,,,,,,,,,,,
,,,,,,,,,,,,
,,,,,,,,,,,,
,,,,,,,,,,,,
,,,,,,,,,,,,
,,,,,,,,,,,,
,,,,,,,,,,,,
,,,,,,,,,,,,
,,,,,,,,,,,,
,,,,,,,,,,,,
,,,,,,,,,,,,
,,,,,,,,,,,,
,,,,,,,,,,,,
,,,,,,,,,,,,
,,,,,,,,,,,,
,,,,,,,,,,,,
,,,,,,,,,,,,
,,,,,,,,,,,,
,,,,,,,,,,,,
,,,,,,,,,,,,
,,,,,,,,,,,,
,,,,,,,,,,,,
,,,,,,,,,,,,
,,,,,,,,,,,,
,,,,,,,,,,,,
,,,,,,,,,,,,
,,,,,,,,,,,,
,,,,,,,,,,,,
,,,,,,,,,,,,
,,,,,,,,,,,,
,,,,,,,,,,,,
,,,,,,,,,,,,
,,,,,,,,,,,,
,,,,,,,,,,,,
,,,,,,,,,,,,
,,,,,,,,,,,,
,,,,,,,,,,,,
,,,,,,,,,,,,
,,,,,,,,,,,,
,,,,,,,,,,,,
,,,,,,,,,,,,
,,,,,,,,,,,,
,,,,,,,,,,,,
,,,,,,,,,,,,
,,,,,,,,,,,,
,,,,,,,,,,,,
,,,,,,,,,,,,
,,,,,,,,,,,,
,,,,,,,,,,,,
,,,,,,,,,,,,
,,,,,,,,,,,,
,,,,,,,,,,,,
,,,,,,,,,,,,
,,,,,,,,,,,,
,,,,,,,,,,,,
,,,,,,,,,,,,
,,,,,,,,,,,,
,,,,,,,,,,,,
,,,,,,,,,,,,
,,,,,,,,,,,,
,,,,,,,,,,,,
,,,,,,,,,,,,
,,,,,,,,,,,,
,,,,,,,,,,,,
,,,,,,,,,,,,
,,,,,,,,,,,,
,,,,,,,,,,,,
,,,,,,,,,,,,
,,,,,,,,,,,,
,,,,,,,,,,,,
,,,,,,,,,,,,
,,,,,,,,,,,,
,,,,,,,,,,,,
,,,,,,,,,,,,
,,,,,,,,,,,,
,,,,,,,,,,,,
,,,,,,,,,,,,
,,,,,,,,,,,,
,,,,,,,,,,,,
,,,,,,,,,,,,
,,,,,,,,,,,,
,,,,,,,,,,,,
,,,,,,,,,,,,
,,,,,,,,,,,,
,,,,,,,,,,,,
,,,,,,,,,,,,
,,,,,,,,,,,,
,,,,,,,,,,,,
,,,,,,,,,,,,
,,,,,,,,,,,,
,,,,,,,,,,,,
,,,,,,,,,,,,
,,,,,,,,,,,,
,,,,,,,,,,,,
,,,,,,,,,,,,
,,,,,,,,,,,,
,,,,,,,,,,,,
,,,,,,,,,,,,
,,,,,,,,,,,,
,,,,,,,,,,,,
,,,,,,,,,,,,
,,,,,,,,,,,,
,,,,,,,,,,,,
,,,,,,,,,,,,
,,,,,,,,,,,,
,,,,,,,,,,,,
,,,,,,,,,,,,
,,,,,,,,,,,,
,,,,,,,,,,,,
,,,,,,,,,,,,
,,,,,,,,,,,,
,,,,,,,,,,,,
,,,,,,,,,,,,
,,,,,,,,,,,,
,,,,,,,,,,,,
,,,,,,,,,,,,
,,,,,,,,,,,,
,,,,,,,,,,,,
,,,,,,,,,,,,
,,,,,,,,,,,,
,,,,,,,,,,,,
,,,,,,,,,,,,
,,,,,,,,,,,,
,,,,,,,,,,,,
,,,,,,,,,,,,
,,,,,,,,,,,,
,,,,,,,,,,,,
,,,,,,,,,,,,
,,,,,,,,,,,,
,,,,,,,,,,,,
,,,,,,,,,,,,
,,,,,,,,,,,,
,,,,,,,,,,,,
,,,,,,,,,,,,
,,,,,,,,,,,,
,,,,,,,,,,,,
,,,,,,,,,,,,
,,,,,,,,,,,,
,,,,,,,,,,,,
,,,,,,,,,,,,
,,,,,,,,,,,,
,,,,,,,,,,,,
,,,,,,,,,,,,
,,,,,,,,,,,,
,,,,,,,,,,,,
,,,,,,,,,,,,
,,,,,,,,,,,,
,,,,,,,,,,,,
,,,,,,,,,,,,
,,,,,,,,,,,,
,,,,,,,,,,,,
,,,,,,,,,,,,
,,,,,,,,,,,,
,,,,,,,,,,,,
,,,,,,,,,,,,
,,,,,,,,,,,,
,,,,,,,,,,,,
,,,,,,,,,,,,
,,,,,,,,,,,,
,,,,,,,,,,,,
,,,,,,,,,,,,
,,,,,,,,,,,,
,,,,,,,,,,,,
,,,,,,,,,,,,
,,,,,,,,,,,,
,,,,,,,,,,,,
,,,,,,,,,,,,
,,,,,,,,,,,,
,,,,,,,,,,,,
,,,,,,,,,,,,
,,,,,,,,,,,,
,,,,,,,,,,,,
,,,,,,,,,,,,
,,,,,,,,,,,,
,,,,,,,,,,,,
,,,,,,,,,,,,
,,,,,,,,,,,,
,,,,,,,,,,,,
,,,,,,,,,,,,
,,,,,,,,,,,,
,,,,,,,,,,,,
,,,,,,,,,,,,
,,,,,,,,,,,,
,,,,,,,,,,,,
,,,,,,,,,,,,